"problem_id","tag_id"
"P_6a8725db","T_3aee4b0a"
"P_6a8725db","T_e8706a28"
"P_6a8725db","T_72a40ac7"
"P_6a8725db","T_2d5563ed"
"P_7cac6825","T_7f8620e7"
"P_7cac6825","T_ed7daeb1"
"P_7cac6825","T_09617f81"
"P_7cac6825","T_7e676e9e"
"P_0bf0da11","T_9c810920"
"P_0bf0da11","T_d46a3928"
"P_0bf0da11","T_3aee4b0a"
"P_0bf0da11","T_0c070c59"
"P_0bf0da11","T_95687afb"
"P_0bf0da11","T_e8706a28"
"P_0bf0da11","T_b6fa1536"
"P_0bf0da11","T_7e676e9e"
"P_0bf0da11","T_7b965a78"
"P_4c514279","T_d46a3928"
"P_4c514279","T_0c070c59"
"P_4c514279","T_95687afb"
"P_4c514279","T_e8706a28"
"P_4c514279","T_b6fa1536"
"P_4c514279","T_7b965a78"
"P_d538033f","T_848b8f26"
"P_d538033f","T_3aee4b0a"
"P_d538033f","T_09617f81"
"P_d538033f","T_7e676e9e"
"P_8c2a60e3","T_7f8620e7"
"P_a3ca8394","T_7f8620e7"
"P_a3ca8394","T_09617f81"
"P_a4fd5725","T_3aee4b0a"
"P_a4fd5725","T_47c4ef35"
"P_a4fd5725","T_d30d7060"
"P_f1462b71","T_d46a3928"
"P_f1462b71","T_4ac4921f"
"P_f1462b71","T_e8706a28"
"P_f1462b71","T_09617f81"
"P_f1462b71","T_feaae678"
"P_f1462b71","T_d30d7060"
"P_660f83f2","T_ac1ed416"
"P_660f83f2","T_0c070c59"
"P_660f83f2","T_2d5563ed"
"P_d4214cfe","T_d46a3928"
"P_d4214cfe","T_09617f81"
"P_fd346c50","T_9c810920"
"P_fd346c50","T_7e676e9e"
"P_fd346c50","T_7b965a78"
"P_ee9ddea4","T_3aee4b0a"
"P_ee9ddea4","T_09617f81"
"P_4fdf9fad","T_7f8620e7"
"P_d030ca87","T_09617f81"
"P_d030ca87","T_b6fa1536"
"P_f6308596","T_09617f81"
"P_f6308596","T_7e676e9e"
"P_f6308596","T_d30d7060"
"P_26ed8702","T_9cfa7aef"
"P_26ed8702","T_09617f81"
"P_156f0668","T_3aee4b0a"
"P_9b2518be","T_3aee4b0a"
"P_95fb6cc3","T_95687afb"
"P_95fb6cc3","T_e8706a28"
"P_334f7562","T_848b8f26"
"P_334f7562","T_95687afb"
"P_334f7562","T_9cfa7aef"
"P_334f7562","T_09617f81"
"P_334f7562","T_7e676e9e"
"P_5e161e07","T_ac1ed416"
"P_5e161e07","T_95687afb"
"P_5e161e07","T_09617f81"
"P_5e161e07","T_7e676e9e"
"P_5e161e07","T_573b5cfb"
"P_e09a7a61","T_d46a3928"
"P_e09a7a61","T_7f8620e7"
"P_e09a7a61","T_0c070c59"
"P_e09a7a61","T_95687afb"
"P_e09a7a61","T_e8706a28"
"P_e09a7a61","T_09617f81"
"P_e09a7a61","T_2d5563ed"
"P_c8ba5ead","T_7f8620e7"
"P_c8ba5ead","T_95687afb"
"P_c8ba5ead","T_7e676e9e"
"P_c8ba5ead","T_7b965a78"
"P_3414890e","T_d46a3928"
"P_3414890e","T_7f8620e7"
"P_3414890e","T_95687afb"
"P_3414890e","T_09617f81"
"P_3414890e","T_7e676e9e"
"P_3414890e","T_7b965a78"
"P_4a614fa5","T_9c810920"
"P_4a614fa5","T_d46a3928"
"P_4a614fa5","T_0c070c59"
"P_4a614fa5","T_95687afb"
"P_4a614fa5","T_7e676e9e"
"P_4a614fa5","T_7b965a78"
"P_4a614fa5","T_d30d7060"
"P_0f76ed21","T_0c070c59"
"P_0f76ed21","T_95687afb"
"P_0f76ed21","T_09617f81"
"P_0f76ed21","T_2d5563ed"
"P_3735973d","T_d46a3928"
"P_3735973d","T_09617f81"
"P_3735973d","T_b6fa1536"
"P_3735973d","T_7e676e9e"
"P_edadb429","T_95687afb"
"P_edadb429","T_09617f81"
"P_9d210e31","T_09617f81"
"P_9d210e31","T_7e676e9e"
"P_fc78b59f","T_9c810920"
"P_fc78b59f","T_d46a3928"
"P_fc78b59f","T_7e676e9e"
"P_346df98c","T_7f8620e7"
"P_346df98c","T_0c070c59"
"P_346df98c","T_e8706a28"
"P_346df98c","T_7e676e9e"
"P_71ba98f1","T_0c070c59"
"P_71ba98f1","T_e8706a28"
"P_71ba98f1","T_b6fa1536"
"P_71ba98f1","T_2d5563ed"
"P_d6c3a7a1","T_9c810920"
"P_d6c3a7a1","T_7f8620e7"
"P_d6c3a7a1","T_09617f81"
"P_d6c3a7a1","T_b6fa1536"
"P_15a68d68","T_d46a3928"
"P_15a68d68","T_7f8620e7"
"P_15a68d68","T_09617f81"
"P_cfd92256","T_7f8620e7"
"P_cfd92256","T_7e676e9e"
"P_1e17c4ef","T_09617f81"
"P_1e17c4ef","T_7e676e9e"
"P_d2b9edf7","T_9c810920"
"P_d2b9edf7","T_848b8f26"
"P_d2b9edf7","T_d46a3928"
"P_d2b9edf7","T_3aee4b0a"
"P_d2b9edf7","T_fe88c03a"
"P_5959b3fe","T_d46a3928"
"P_5959b3fe","T_7f8620e7"
"P_5959b3fe","T_09617f81"
"P_5959b3fe","T_7e676e9e"
"P_f9c002e8","T_9c810920"
"P_f9c002e8","T_3aee4b0a"
"P_f9c002e8","T_09617f81"
"P_f9c002e8","T_b6fa1536"
"P_f9c002e8","T_d30d7060"
"P_f9c002e8","T_8bcf6629"
"P_b315aefa","T_7f8620e7"
"P_b315aefa","T_3aee4b0a"
"P_b315aefa","T_09617f81"
"P_b315aefa","T_b6fa1536"
"P_b315aefa","T_d30d7060"
"P_36a4f502","T_d46a3928"
"P_36a4f502","T_09617f81"
"P_36a4f502","T_5f3490a2"
"P_aa0fa687","T_d46a3928"
"P_aa0fa687","T_95687afb"
"P_aa0fa687","T_b6fa1536"
"P_aa0fa687","T_7e676e9e"
"P_35f289be","T_09617f81"
"P_35f289be","T_b6fa1536"
"P_35f289be","T_7e676e9e"
"P_7068554e","T_d46a3928"
"P_7068554e","T_09617f81"
"P_7068554e","T_7e676e9e"
"P_7068554e","T_7b965a78"
"P_fd55912d","T_0c070c59"
"P_fd55912d","T_e8706a28"
"P_fd55912d","T_b6fa1536"
"P_22706ceb","T_9c810920"
"P_22706ceb","T_0c070c59"
"P_22706ceb","T_95687afb"
"P_22706ceb","T_e8706a28"
"P_22706ceb","T_09617f81"
"P_22706ceb","T_72a40ac7"
"P_21a39250","T_7f8620e7"
"P_21a39250","T_09617f81"
"P_bc85d5a6","T_8bcf6629"
"P_e5162135","T_b6fa1536"
"P_e5162135","T_d30d7060"
"P_b0bb16c5","T_9c810920"
"P_b0bb16c5","T_0c070c59"
"P_b0bb16c5","T_0db2dd94"
"P_b0bb16c5","T_e8706a28"
"P_b0bb16c5","T_feaae678"
"P_f86ce45f","T_ac1ed416"
"P_f86ce45f","T_95687afb"
"P_f86ce45f","T_8bcf6629"
"P_8c47e3da","T_0c070c59"
"P_8c47e3da","T_e8706a28"
"P_8c47e3da","T_09617f81"
"P_8c47e3da","T_feaae678"
"P_dd406a14","T_7f8620e7"
"P_dd406a14","T_fe88c03a"
"P_dd406a14","T_7e676e9e"
"P_dd406a14","T_7b965a78"
"P_65cf1bed","T_7f8620e7"
"P_65cf1bed","T_fe88c03a"
"P_65cf1bed","T_7e676e9e"
"P_65cf1bed","T_7b965a78"
"P_0cbb5021","T_848b8f26"
"P_0cbb5021","T_7f8620e7"
"P_0cbb5021","T_fe88c03a"
"P_0cbb5021","T_7e676e9e"
"P_0cbb5021","T_7b965a78"
"P_4913befc","T_848b8f26"
"P_4913befc","T_09617f81"
"P_4913befc","T_7e676e9e"
"P_90393450","T_b6fa1536"
"P_dfd11e09","T_9c810920"
"P_dfd11e09","T_09617f81"
"P_4a9ddc77","T_7f8620e7"
"P_4a9ddc77","T_0c070c59"
"P_4a9ddc77","T_e8706a28"
"P_4a9ddc77","T_09617f81"
"P_4a9ddc77","T_b6fa1536"
"P_4a9ddc77","T_feaae678"
"P_4a9ddc77","T_2d5563ed"
"P_3a383ad5","T_9c810920"
"P_3a383ad5","T_d46a3928"
"P_3a383ad5","T_b6fa1536"
"P_3a383ad5","T_fe88c03a"
"P_2ddf8dfe","T_9c810920"
"P_2ddf8dfe","T_d46a3928"
"P_2ddf8dfe","T_3aee4b0a"
"P_2ddf8dfe","T_95687afb"
"P_2ddf8dfe","T_4ac4921f"
"P_2ddf8dfe","T_e8706a28"
"P_2ddf8dfe","T_09617f81"
"P_2ddf8dfe","T_b6fa1536"
"P_7e87e139","T_848b8f26"
"P_7e87e139","T_7f8620e7"
"P_7e87e139","T_09617f81"
"P_7e87e139","T_b6fa1536"
"P_7e87e139","T_7e676e9e"
"P_19b1cdd4","T_ac1ed416"
"P_19b1cdd4","T_09617f81"
"P_19b1cdd4","T_7e676e9e"
"P_01ba8a3e","T_9c810920"
"P_01ba8a3e","T_d46a3928"
"P_01ba8a3e","T_3aee4b0a"
"P_01ba8a3e","T_95687afb"
"P_01ba8a3e","T_09617f81"
"P_ac26e937","T_9c810920"
"P_ac26e937","T_d46a3928"
"P_ac26e937","T_95687afb"
"P_ac26e937","T_09617f81"
"P_73883383","T_9c810920"
"P_73883383","T_7f8620e7"
"P_73883383","T_09617f81"
"P_73883383","T_7e676e9e"
"P_73883383","T_2d5563ed"
"P_70dc9f35","T_d46a3928"
"P_70dc9f35","T_0c070c59"
"P_70dc9f35","T_09617f81"
"P_70dc9f35","T_b6fa1536"
"P_70dc9f35","T_2d5563ed"
"P_4e05cf37","T_9c810920"
"P_4e05cf37","T_7f8620e7"
"P_4e05cf37","T_95687afb"
"P_4e05cf37","T_b6fa1536"
"P_4e05cf37","T_7e676e9e"
"P_449abd06","T_9cfa7aef"
"P_449abd06","T_09617f81"
"P_449abd06","T_7e676e9e"
"P_dd33e23d","T_09617f81"
"P_dd33e23d","T_7b965a78"
"P_6f520158","T_9c810920"
"P_6f520158","T_0c070c59"
"P_6f520158","T_47c4ef35"
"P_6f520158","T_b6fa1536"
"P_6f520158","T_fe88c03a"
"P_6f520158","T_2d5563ed"
"P_16782446","T_9c810920"
"P_16782446","T_7f8620e7"
"P_16782446","T_47c4ef35"
"P_16782446","T_09617f81"
"P_16782446","T_fe88c03a"
"P_16782446","T_2d5563ed"
"P_9c3ee8ee","T_0c070c59"
"P_9c3ee8ee","T_95687afb"
"P_9c3ee8ee","T_4ac4921f"
"P_9c3ee8ee","T_09617f81"
"P_9c3ee8ee","T_7e676e9e"
"P_4fd64361","T_9c810920"
"P_4fd64361","T_09617f81"
"P_4fd64361","T_7e676e9e"
"P_97629548","T_9c810920"
"P_97629548","T_95687afb"
"P_97629548","T_09617f81"
"P_97629548","T_5f3490a2"
"P_69bc0087","T_09617f81"
"P_69bc0087","T_7e676e9e"
"P_69bc0087","T_d30d7060"
"P_7abc92bd","T_7f8620e7"
"P_7abc92bd","T_09617f81"
"P_7abc92bd","T_7e676e9e"
"P_326102ba","T_d46a3928"
"P_326102ba","T_7e676e9e"
"P_67c1c34a","T_3aee4b0a"
"P_67c1c34a","T_47c4ef35"
"P_67c1c34a","T_4ac4921f"
"P_67c1c34a","T_e8706a28"
"P_67c1c34a","T_2d5563ed"
"P_8a861914","T_9c810920"
"P_8a861914","T_d46a3928"
"P_8a861914","T_0c070c59"
"P_8a861914","T_95687afb"
"P_8a861914","T_b6fa1536"
"P_8a861914","T_7e676e9e"
"P_70a84eb3","T_9c810920"
"P_70a84eb3","T_95687afb"
"P_70a84eb3","T_09617f81"
"P_70a84eb3","T_8bcf6629"
"P_e57f2680","T_9c810920"
"P_e57f2680","T_09617f81"
"P_e57f2680","T_7e676e9e"
"P_e57f2680","T_7b965a78"
"P_bedc27dc","T_d46a3928"
"P_bedc27dc","T_7f8620e7"
"P_bedc27dc","T_9cfa7aef"
"P_bedc27dc","T_09617f81"
"P_bedc27dc","T_7e676e9e"
"P_b5142243","T_d46a3928"
"P_b5142243","T_3aee4b0a"
"P_b5142243","T_95687afb"
"P_b5142243","T_09617f81"
"P_b5142243","T_b6fa1536"
"P_5775c159","T_7e676e9e"
"P_e183d951","T_848b8f26"
"P_e183d951","T_3aee4b0a"
"P_e183d951","T_95687afb"
"P_e183d951","T_b6fa1536"
"P_e183d951","T_d30d7060"
"P_0cbcddf9","T_7f8620e7"
"P_0cbcddf9","T_b6fa1536"
"P_0cbcddf9","T_5f3490a2"
"P_9fd91b47","T_7f8620e7"
"P_9fd91b47","T_0c070c59"
"P_9fd91b47","T_b6fa1536"
"P_9fd91b47","T_5f3490a2"
"P_d7e4939a","T_9c810920"
"P_d7e4939a","T_09617f81"
"P_d7e4939a","T_b6fa1536"
"P_d7e4939a","T_d30d7060"
"P_47495b84","T_09617f81"
"P_47495b84","T_7e676e9e"
"P_d7089519","T_d46a3928"
"P_d7089519","T_09617f81"
"P_d7089519","T_b6fa1536"
"P_d7089519","T_7e676e9e"
"P_41ed1571","T_b6fa1536"
"P_41ed1571","T_d30d7060"
"P_adbacbd8","T_7f8620e7"
"P_adbacbd8","T_7e676e9e"
"P_63ba612a","T_ac1ed416"
"P_63ba612a","T_95687afb"
"P_63ba612a","T_2d5563ed"
"P_347c9af7","T_3aee4b0a"
"P_347c9af7","T_95687afb"
"P_347c9af7","T_09617f81"
"P_347c9af7","T_2d5563ed"
"P_06d1b48e","T_3aee4b0a"
"P_06d1b48e","T_b6fa1536"
"P_06d1b48e","T_d30d7060"
"P_06d1b48e","T_5f3490a2"
"P_d015b342","T_9c810920"
"P_d015b342","T_d46a3928"
"P_d015b342","T_3aee4b0a"
"P_d015b342","T_09617f81"
"P_d015b342","T_411ba940"
"P_d015b342","T_5f3490a2"
"P_5de451b1","T_d46a3928"
"P_5de451b1","T_3aee4b0a"
"P_5de451b1","T_47c4ef35"
"P_5de451b1","T_09617f81"
"P_5de451b1","T_d30d7060"
"P_70d3d159","T_7f8620e7"
"P_70d3d159","T_b6fa1536"
"P_89d0dc43","T_7e676e9e"
"P_89d0dc43","T_d30d7060"
"P_7709a581","T_d46a3928"
"P_7709a581","T_09617f81"
"P_8b2c07d5","T_95687afb"
"P_8b2c07d5","T_0db2dd94"
"P_645eafb3","T_3aee4b0a"
"P_645eafb3","T_0c070c59"
"P_645eafb3","T_95687afb"
"P_645eafb3","T_09617f81"
"P_5e820b26","T_848b8f26"
"P_5e820b26","T_7e676e9e"
"P_5e820b26","T_25b24abe"
"P_3b456048","T_e83775f8"
"P_3b456048","T_ed7daeb1"
"P_3b456048","T_b6fa1536"
"P_3b456048","T_7e676e9e"
"P_3b456048","T_7b965a78"
"P_6ae67d09","T_ac1ed416"
"P_6ae67d09","T_0c070c59"
"P_6ae67d09","T_95687afb"
"P_6ae67d09","T_4ac4921f"
"P_6ae67d09","T_e8706a28"
"P_6ae67d09","T_b6fa1536"
"P_6ae67d09","T_7e676e9e"
"P_6ae67d09","T_2d5563ed"
"P_4bf31618","T_39434a1c"
"P_4bf31618","T_d46a3928"
"P_4bf31618","T_7e676e9e"
"P_4bf31618","T_d30d7060"
"P_1c6ee9c3","T_848b8f26"
"P_1c6ee9c3","T_ac1ed416"
"P_1c6ee9c3","T_95687afb"
"P_1c6ee9c3","T_9473db81"
"P_1c6ee9c3","T_7e676e9e"
"P_77f52418","T_848b8f26"
"P_77f52418","T_7f8620e7"
"P_77f52418","T_fe88c03a"
"P_034a5847","T_3aee4b0a"
"P_034a5847","T_b6fa1536"
"P_034a5847","T_5f3490a2"
"P_85612005","T_09617f81"
"P_85612005","T_b6fa1536"
"P_85612005","T_d30d7060"
"P_a611d246","T_ac1ed416"
"P_a611d246","T_7f8620e7"
"P_a611d246","T_7e676e9e"
"P_f3ce6323","T_95687afb"
"P_f3ce6323","T_b6fa1536"
"P_a12c6258","T_09617f81"
"P_a12c6258","T_7e676e9e"
"P_a12c6258","T_d30d7060"
"P_863a76b1","T_7f8620e7"
"P_863a76b1","T_09617f81"
"P_b05ac0cd","T_9c810920"
"P_b05ac0cd","T_d46a3928"
"P_b05ac0cd","T_7e676e9e"
"P_b05ac0cd","T_7b965a78"
"P_1e74e72d","T_3aee4b0a"
"P_1e74e72d","T_b6fa1536"
"P_1e74e72d","T_7e676e9e"
"P_adf5a9fb","T_7f8620e7"
"P_c5cf3274","T_848b8f26"
"P_1ea39fc1","T_09617f81"
"P_1ea39fc1","T_8bcf6629"
"P_1ea39fc1","T_5f3490a2"
"P_b7058c32","T_7e676e9e"
"P_e88024b4","T_d46a3928"
"P_e88024b4","T_7f8620e7"
"P_553fa999","T_8bcf6629"
"P_ffafe642","T_9c810920"
"P_ffafe642","T_848b8f26"
"P_ffafe642","T_3aee4b0a"
"P_ffafe642","T_0c070c59"
"P_ffafe642","T_09617f81"
"P_ffafe642","T_8bcf6629"
"P_ffafe642","T_2d5563ed"
"P_ffafe642","T_5f3490a2"
"P_6e6ddc26","T_848b8f26"
"P_6e6ddc26","T_d46a3928"
"P_6e6ddc26","T_09617f81"
"P_c26d22de","T_9c810920"
"P_c26d22de","T_d46a3928"
"P_c26d22de","T_09617f81"
"P_96c43883","T_848b8f26"
"P_96c43883","T_b6fa1536"
"P_1f69edff","T_7e676e9e"
"P_1f69edff","T_7b965a78"
"P_32ad8a28","T_09617f81"
"P_32ad8a28","T_7e676e9e"
"P_81d9f9bc","T_7e676e9e"
"P_0f04f199","T_d46a3928"
"P_0f04f199","T_7f8620e7"
"P_0f04f199","T_09617f81"
"P_0f04f199","T_7e676e9e"
"P_0f04f199","T_7b965a78"
"P_0f04f199","T_8bcf6629"
"P_9c4b19d3","T_ac1ed416"
"P_9c4b19d3","T_7f8620e7"
"P_9c4b19d3","T_e8706a28"
"P_9c4b19d3","T_7e676e9e"
"P_257d863d","T_d46a3928"
"P_257d863d","T_7f8620e7"
"P_257d863d","T_09617f81"
"P_257d863d","T_b6fa1536"
"P_257d863d","T_8bcf6629"
"P_00aa509a","T_7f8620e7"
"P_00aa509a","T_09617f81"
"P_00aa509a","T_7e676e9e"
"P_7cc5c179","T_d46a3928"
"P_7cc5c179","T_7f8620e7"
"P_7cc5c179","T_b6fa1536"
"P_7cc5c179","T_7e676e9e"
"P_c9772b1f","T_09617f81"
"P_c9772b1f","T_7e676e9e"
"P_c9772b1f","T_7b965a78"
"P_c9772b1f","T_d30d7060"
"P_0c6d8073","T_d46a3928"
"P_0c6d8073","T_7f8620e7"
"P_0c6d8073","T_3aee4b0a"
"P_0c6d8073","T_95687afb"
"P_0c6d8073","T_e8706a28"
"P_0c6d8073","T_09617f81"
"P_0c6d8073","T_7e676e9e"
"P_0c6d8073","T_7b965a78"
"P_0c6d8073","T_feaae678"
"P_61e17a69","T_9c810920"
"P_61e17a69","T_d46a3928"
"P_61e17a69","T_95687afb"
"P_55c2b2ba","T_d46a3928"
"P_55c2b2ba","T_7e676e9e"
"P_55c2b2ba","T_7b965a78"
"P_55c2b2ba","T_5f3490a2"
"P_5a401d12","T_9c810920"
"P_5a401d12","T_09617f81"
"P_5a401d12","T_7e676e9e"
"P_a8ef7bce","T_7f8620e7"
"P_a8ef7bce","T_09617f81"
"P_479271f7","T_95687afb"
"P_479271f7","T_09617f81"
"P_479271f7","T_d30d7060"
"P_a62de441","T_09617f81"
"P_a62de441","T_8bcf6629"
"P_10711ece","T_3aee4b0a"
"P_10711ece","T_09617f81"
"P_10711ece","T_b6fa1536"
"P_10711ece","T_d30d7060"
"P_f2186b5a","T_d46a3928"
"P_f2186b5a","T_95687afb"
"P_f2186b5a","T_b6fa1536"
"P_3944b169","T_b6fa1536"
"P_3944b169","T_7e676e9e"
"P_a793ec5b","T_7f8620e7"
"P_9dac9148","T_95687afb"
"P_9dac9148","T_7e676e9e"
"P_9dac9148","T_573b5cfb"
"P_975b94fe","T_95687afb"
"P_975b94fe","T_9cfa7aef"
"P_975b94fe","T_7e676e9e"
"P_975b94fe","T_573b5cfb"
"P_4b69196f","T_9c810920"
"P_4b69196f","T_3aee4b0a"
"P_4b69196f","T_95687afb"
"P_4b69196f","T_0db2dd94"
"P_4b69196f","T_09617f81"
"P_4b69196f","T_5f3490a2"
"P_e1dea31c","T_9c810920"
"P_e1dea31c","T_3aee4b0a"
"P_e1dea31c","T_0db2dd94"
"P_e1dea31c","T_09617f81"
"P_e1dea31c","T_5f3490a2"
"P_a88ec3b7","T_7f8620e7"
"P_a88ec3b7","T_7b965a78"
"P_42792b2a","T_d46a3928"
"P_42792b2a","T_7f8620e7"
"P_42792b2a","T_fe88c03a"
"P_ddf4c6f6","T_848b8f26"
"P_ddf4c6f6","T_d46a3928"
"P_ddf4c6f6","T_7f8620e7"
"P_ddf4c6f6","T_0c070c59"
"P_ddf4c6f6","T_95687afb"
"P_ddf4c6f6","T_09617f81"
"P_ddf4c6f6","T_7e676e9e"
"P_68182ede","T_d46a3928"
"P_68182ede","T_ac1ed416"
"P_68182ede","T_95687afb"
"P_68182ede","T_7e676e9e"
"P_68182ede","T_8bcf6629"
"P_aa29240b","T_0c070c59"
"P_aa29240b","T_95687afb"
"P_aa29240b","T_4ac4921f"
"P_aa29240b","T_e8706a28"
"P_aa29240b","T_09617f81"
"P_aa29240b","T_b6fa1536"
"P_6ed549cf","T_9c810920"
"P_6ed549cf","T_d46a3928"
"P_6ed549cf","T_09617f81"
"P_1ea09057","T_7e676e9e"
"P_526e48e2","T_3aee4b0a"
"P_526e48e2","T_09617f81"
"P_51335fa1","T_3aee4b0a"
"P_51335fa1","T_09617f81"
"P_4bbf37b3","T_7f8620e7"
"P_4bbf37b3","T_7e676e9e"
"P_4bbf37b3","T_7b965a78"
"P_e7dedc81","T_3aee4b0a"
"P_e7dedc81","T_99f3b498"
"P_e7dedc81","T_09617f81"
"P_f294f3d4","T_848b8f26"
"P_f294f3d4","T_7f8620e7"
"P_f294f3d4","T_95687afb"
"P_f294f3d4","T_09617f81"
"P_f43a1cbf","T_7f8620e7"
"P_f43a1cbf","T_b6fa1536"
"P_4bbd7b43","T_7f8620e7"
"P_4bbd7b43","T_b6fa1536"
"P_3992b5c2","T_95687afb"
"P_3992b5c2","T_09617f81"
"P_3f7d08ae","T_3aee4b0a"
"P_3f7d08ae","T_95687afb"
"P_0cb094ac","T_95687afb"
"P_0cb094ac","T_9cfa7aef"
"P_f7574903","T_7f8620e7"
"P_f7574903","T_3aee4b0a"
"P_f7574903","T_09617f81"
"P_e5129832","T_9c810920"
"P_e5129832","T_ac1ed416"
"P_e5129832","T_95687afb"
"P_e5129832","T_b6fa1536"
"P_e5129832","T_7e676e9e"
"P_e5129832","T_5f3490a2"
"P_002f22c1","T_9c810920"
"P_002f22c1","T_d46a3928"
"P_002f22c1","T_7f8620e7"
"P_002f22c1","T_09617f81"
"P_002f22c1","T_7e676e9e"
"P_60eb98cd","T_7f8620e7"
"P_60eb98cd","T_3aee4b0a"
"P_60eb98cd","T_09617f81"
"P_60eb98cd","T_b6fa1536"
"P_99671995","T_09617f81"
"P_99671995","T_7e676e9e"
"P_99671995","T_7b965a78"
"P_296f1bac","T_7f8620e7"
"P_296f1bac","T_7e676e9e"
"P_0e867827","T_d46a3928"
"P_0e867827","T_09617f81"
"P_94709f60","T_7f8620e7"
"P_94709f60","T_09617f81"
"P_942b2ae6","T_7e676e9e"
"P_b0c459ab","T_7e676e9e"
"P_b0c459ab","T_7b965a78"
"P_346b221a","T_7f8620e7"
"P_346b221a","T_7e676e9e"
"P_b8e54130","T_ac1ed416"
"P_b8e54130","T_95687afb"
"P_b8e54130","T_b6fa1536"
"P_83dfd3b7","T_7f8620e7"
"P_83dfd3b7","T_4ac4921f"
"P_83dfd3b7","T_e8706a28"
"P_83dfd3b7","T_09617f81"
"P_83dfd3b7","T_7e676e9e"
"P_83dfd3b7","T_7b965a78"
"P_83dfd3b7","T_d30d7060"
"P_83dfd3b7","T_2d5563ed"
"P_2f643975","T_848b8f26"
"P_2f643975","T_7f8620e7"
"P_2f643975","T_09617f81"
"P_2f643975","T_b6fa1536"
"P_2f643975","T_25b24abe"
"P_799a1a04","T_09617f81"
"P_b6b45f19","T_848b8f26"
"P_b6b45f19","T_95687afb"
"P_b6b45f19","T_7e676e9e"
"P_b6b45f19","T_573b5cfb"
"P_c2514a6a","T_2c7ecadd"
"P_c2514a6a","T_9c810920"
"P_9a46b373","T_2c7ecadd"
"P_c240d1e7","T_2c7ecadd"
"P_5529faa9","T_2c7ecadd"
"P_5529faa9","T_7f8620e7"
"P_5529faa9","T_e8706a28"
"P_49d01ba3","T_2c7ecadd"
"P_49d01ba3","T_d30d7060"
"P_0b6c9917","T_2c7ecadd"
"P_b623d54d","T_2c7ecadd"
"P_b623d54d","T_3aee4b0a"
"P_b623d54d","T_95687afb"
"P_b623d54d","T_09617f81"
"P_9aca53c9","T_2c7ecadd"
"P_9aca53c9","T_3aee4b0a"
"P_9aca53c9","T_95687afb"
"P_9aca53c9","T_9cfa7aef"
"P_e0b3ddb3","T_95687afb"
"P_e0b3ddb3","T_09617f81"
"P_e0b3ddb3","T_b6fa1536"
"P_8f67cc31","T_7f8620e7"
"P_8f67cc31","T_e8706a28"
"P_8f67cc31","T_09617f81"
"P_8f67cc31","T_b6fa1536"
"P_8f67cc31","T_7e676e9e"
"P_66bbd406","T_7e676e9e"
"P_c5e1a295","T_848b8f26"
"P_c5e1a295","T_e83775f8"
"P_c5e1a295","T_0c070c59"
"P_c5e1a295","T_e8706a28"
"P_c5e1a295","T_7b965a78"
"P_3f713f32","T_848b8f26"
"P_3f713f32","T_7f8620e7"
"P_3f713f32","T_95687afb"
"P_4554a573","T_ac1ed416"
"P_4554a573","T_7f8620e7"
"P_4554a573","T_3aee4b0a"
"P_4554a573","T_47c4ef35"
"P_4554a573","T_95687afb"
"P_4554a573","T_09617f81"
"P_4554a573","T_7e676e9e"
"P_6eb20249","T_d46a3928"
"P_6eb20249","T_3aee4b0a"
"P_6eb20249","T_09617f81"
"P_6eb20249","T_b6fa1536"
"P_6eb20249","T_7e676e9e"
"P_99987a2e","T_ac1ed416"
"P_99987a2e","T_3aee4b0a"
"P_99987a2e","T_95687afb"
"P_99987a2e","T_9473db81"
"P_99987a2e","T_7e676e9e"
"P_99987a2e","T_25b24abe"
"P_5b5ae8b3","T_848b8f26"
"P_5b5ae8b3","T_7f8620e7"
"P_5b5ae8b3","T_b6fa1536"
"P_5b5ae8b3","T_fe88c03a"
"P_5b5ae8b3","T_7e676e9e"
"P_a30a8636","T_7f8620e7"
"P_a30a8636","T_09617f81"
"P_a30a8636","T_7e676e9e"
"P_a30a8636","T_d30d7060"
"P_93324890","T_9c810920"
"P_93324890","T_d46a3928"
"P_93324890","T_3aee4b0a"
"P_93324890","T_b6fa1536"
"P_f177793f","T_848b8f26"
"P_f177793f","T_ac1ed416"
"P_f177793f","T_95687afb"
"P_f177793f","T_b6fa1536"
"P_f177793f","T_7e676e9e"
"P_89f34171","T_848b8f26"
"P_89f34171","T_d46a3928"
"P_89f34171","T_95687afb"
"P_89f34171","T_e8706a28"
"P_89f34171","T_7e676e9e"
"P_60e565a8","T_9c810920"
"P_60e565a8","T_ac1ed416"
"P_60e565a8","T_7e676e9e"
"P_6856284c","T_7f8620e7"
"P_6856284c","T_09617f81"
"P_ddfdc7f5","T_09617f81"
"P_ddfdc7f5","T_7e676e9e"
"P_762e7f50","T_95687afb"
"P_762e7f50","T_ed7daeb1"
"P_79f4d55b","T_848b8f26"
"P_79f4d55b","T_47c4ef35"
"P_79f4d55b","T_09617f81"
"P_79f4d55b","T_b6fa1536"
"P_79f4d55b","T_7e676e9e"
"P_e399689a","T_ed7daeb1"
"P_e399689a","T_fe88c03a"
"P_e399689a","T_573b5cfb"
"P_2aadeca6","T_d46a3928"
"P_2aadeca6","T_3aee4b0a"
"P_2aadeca6","T_ed7daeb1"
"P_2aadeca6","T_b6fa1536"
"P_2aadeca6","T_5f3490a2"
"P_fa9ae1b5","T_848b8f26"
"P_fa9ae1b5","T_d46a3928"
"P_fa9ae1b5","T_ed7daeb1"
"P_fa9ae1b5","T_09617f81"
"P_fa9ae1b5","T_573b5cfb"
"P_7dbfe563","T_ed7daeb1"
"P_7dbfe563","T_09617f81"
"P_7dbfe563","T_7e676e9e"
"P_4d4b0ec0","T_ed7daeb1"
"P_4d4b0ec0","T_b6fa1536"
"P_d36ec08e","T_fe88c03a"
"P_a8b34a6d","T_fe88c03a"
"P_a90f2a6f","T_9c810920"
"P_a90f2a6f","T_d46a3928"
"P_a90f2a6f","T_ac1ed416"
"P_a90f2a6f","T_47c4ef35"
"P_a90f2a6f","T_7e676e9e"
"P_a90f2a6f","T_7b965a78"
"P_5090e5d4","T_39434a1c"
"P_5090e5d4","T_848b8f26"
"P_5090e5d4","T_ac1ed416"
"P_5090e5d4","T_7f8620e7"
"P_5090e5d4","T_9473db81"
"P_5090e5d4","T_7e676e9e"
"P_5090e5d4","T_7b965a78"
"P_dc7f3d4e","T_9c810920"
"P_dc7f3d4e","T_d46a3928"
"P_dc7f3d4e","T_7f8620e7"
"P_dc7f3d4e","T_95687afb"
"P_dc7f3d4e","T_ed7daeb1"
"P_dc7f3d4e","T_09617f81"
"P_dc7f3d4e","T_7e676e9e"
"P_b28188e6","T_d46a3928"
"P_b28188e6","T_09617f81"
"P_b28188e6","T_b6fa1536"
"P_eb332d24","T_848b8f26"
"P_eb332d24","T_7f8620e7"
"P_eb332d24","T_09617f81"
"P_014be30b","T_ac1ed416"
"P_014be30b","T_7f8620e7"
"P_014be30b","T_8bcf6629"
"P_49b6c2fa","T_09617f81"
"P_49b6c2fa","T_b6fa1536"
"P_49b6c2fa","T_7e676e9e"
"P_d9be641d","T_9c810920"
"P_d9be641d","T_3aee4b0a"
"P_62fd5a36","T_ac1ed416"
"P_62fd5a36","T_95687afb"
"P_62fd5a36","T_573b5cfb"
"P_62fd5a36","T_2d5563ed"
"P_4af3f3b1","T_848b8f26"
"P_4af3f3b1","T_d46a3928"
"P_4af3f3b1","T_7f8620e7"
"P_4af3f3b1","T_3aee4b0a"
"P_4af3f3b1","T_95687afb"
"P_4af3f3b1","T_b6fa1536"
"P_4af3f3b1","T_7e676e9e"
"P_732c4757","T_848b8f26"
"P_732c4757","T_d46a3928"
"P_732c4757","T_95687afb"
"P_732c4757","T_b6fa1536"
"P_732c4757","T_7e676e9e"
"P_be8089bf","T_7f8620e7"
"P_be8089bf","T_3aee4b0a"
"P_be8089bf","T_0c070c59"
"P_be8089bf","T_95687afb"
"P_be8089bf","T_09617f81"
"P_be8089bf","T_d30d7060"
"P_be8089bf","T_2d5563ed"
"P_c8df0c53","T_d46a3928"
"P_c8df0c53","T_7f8620e7"
"P_c8df0c53","T_09617f81"
"P_c8df0c53","T_7e676e9e"
"P_ba7a78cd","T_7e676e9e"
"P_ba7a78cd","T_7b965a78"
"P_e500c68c","T_848b8f26"
"P_e500c68c","T_47c4ef35"
"P_e500c68c","T_95687afb"
"P_e500c68c","T_9473db81"
"P_a3b0a1a0","T_7f8620e7"
"P_a3b0a1a0","T_3aee4b0a"
"P_a3b0a1a0","T_47c4ef35"
"P_a3b0a1a0","T_9cfa7aef"
"P_a3b0a1a0","T_09617f81"
"P_a3b0a1a0","T_7e676e9e"
"P_959fb1de","T_0c070c59"
"P_959fb1de","T_95687afb"
"P_959fb1de","T_2d5563ed"
"P_f40f34eb","T_9c810920"
"P_f40f34eb","T_09617f81"
"P_c7411d60","T_d46a3928"
"P_c7411d60","T_b6fa1536"
"P_c7411d60","T_7e676e9e"
"P_d5203163","T_d46a3928"
"P_d5203163","T_7e676e9e"
"P_91a0175e","T_3aee4b0a"
"P_91a0175e","T_0c070c59"
"P_91a0175e","T_47c4ef35"
"P_91a0175e","T_4ac4921f"
"P_91a0175e","T_e8706a28"
"P_c0e6cb03","T_7f8620e7"
"P_c0e6cb03","T_09617f81"
"P_c0e6cb03","T_d30d7060"
"P_c0e6cb03","T_8bcf6629"
"P_d8adf2e4","T_9c810920"
"P_d8adf2e4","T_09617f81"
"P_d8adf2e4","T_72a40ac7"
"P_d8adf2e4","T_8bcf6629"
"P_d8adf2e4","T_5f3490a2"
"P_94af17ba","T_ac1ed416"
"P_94af17ba","T_95687afb"
"P_94af17ba","T_09617f81"
"P_94af17ba","T_5f3490a2"
"P_7c7ea0e9","T_09617f81"
"P_7c7ea0e9","T_25b24abe"
"P_39e5a552","T_99f3b498"
"P_39e5a552","T_09617f81"
"P_6b3bbce7","T_0db2dd94"
"P_6b3bbce7","T_e8706a28"
"P_a474f11e","T_ac1ed416"
"P_a474f11e","T_09617f81"
"P_4279d575","T_e8706a28"
"P_4279d575","T_feaae678"
"P_0f0b570e","T_7f8620e7"
"P_0f0b570e","T_09617f81"
"P_0f0b570e","T_7e676e9e"
"P_c2cbfe22","T_feaae678"
"P_6045b285","T_d46a3928"
"P_6045b285","T_09617f81"
"P_6045b285","T_b6fa1536"
"P_6045b285","T_8bcf6629"
"P_1edb1ed0","T_3aee4b0a"
"P_1edb1ed0","T_0c070c59"
"P_1edb1ed0","T_4ac4921f"
"P_1edb1ed0","T_e8706a28"
"P_1edb1ed0","T_feaae678"
"P_39ec19d8","T_95687afb"
"P_39ec19d8","T_d30d7060"
"P_39ec19d8","T_2d5563ed"
"P_bdcce1cd","T_9c810920"
"P_bdcce1cd","T_09617f81"
"P_bdcce1cd","T_5f3490a2"
"P_e84f84ee","T_7f8620e7"
"P_ff6a9a20","T_7f8620e7"
"P_ff6a9a20","T_e8706a28"
"P_ff6a9a20","T_09617f81"
"P_ff6a9a20","T_573b5cfb"
"P_08c463f2","T_d46a3928"
"P_08c463f2","T_0c070c59"
"P_08c463f2","T_09617f81"
"P_08c463f2","T_7e676e9e"
"P_fb66f18e","T_d46a3928"
"P_fb66f18e","T_95687afb"
"P_fb66f18e","T_09617f81"
"P_fb66f18e","T_d30d7060"
"P_bc345238","T_d46a3928"
"P_bc345238","T_7f8620e7"
"P_bc345238","T_7e676e9e"
"P_fe7c45b5","T_7f8620e7"
"P_fe7c45b5","T_95687afb"
"P_fe7c45b5","T_7e676e9e"
"P_ea2e2b9b","T_9c810920"
"P_ea2e2b9b","T_3aee4b0a"
"P_ea2e2b9b","T_09617f81"
"P_ea2e2b9b","T_b6fa1536"
"P_19038f22","T_ac1ed416"
"P_19038f22","T_95687afb"
"P_19038f22","T_7e676e9e"
"P_0dc8b176","T_ac1ed416"
"P_0dc8b176","T_95687afb"
"P_0dc8b176","T_7e676e9e"
"P_ef5204cc","T_848b8f26"
"P_ef5204cc","T_ac1ed416"
"P_ef5204cc","T_95687afb"
"P_ef5204cc","T_7e676e9e"
"P_35c895d8","T_7f8620e7"
"P_35c895d8","T_3aee4b0a"
"P_35c895d8","T_95687afb"
"P_35c895d8","T_09617f81"
"P_35c895d8","T_b6fa1536"
"P_0e1aad40","T_e8706a28"
"P_0e1aad40","T_09617f81"
"P_0e1aad40","T_b6fa1536"
"P_0e1aad40","T_fe88c03a"
"P_0d7e107d","T_ac1ed416"
"P_0d7e107d","T_3aee4b0a"
"P_0d7e107d","T_47c4ef35"
"P_0d7e107d","T_95687afb"
"P_0d7e107d","T_7e676e9e"
"P_0d7e107d","T_25b24abe"
"P_f59a79d2","T_ac1ed416"
"P_f59a79d2","T_7e676e9e"
"P_f59a79d2","T_7b965a78"
"P_b5f71468","T_3aee4b0a"
"P_b5f71468","T_0c070c59"
"P_b5f71468","T_e8706a28"
"P_b5f71468","T_09617f81"
"P_b5f71468","T_2d5563ed"
"P_3b8d2382","T_7f8620e7"
"P_3b8d2382","T_09617f81"
"P_3b8d2382","T_8bcf6629"
"P_e6f88ed6","T_09617f81"
"P_e6f88ed6","T_d30d7060"
"P_95327ec1","T_9c810920"
"P_95327ec1","T_09617f81"
"P_25ff8eaf","T_9c810920"
"P_25ff8eaf","T_95687afb"
"P_25ff8eaf","T_09617f81"
"P_38e6100e","T_8bcf6629"
"P_8a714f13","T_d46a3928"
"P_8a714f13","T_7f8620e7"
"P_8a714f13","T_09617f81"
"P_8a714f13","T_b6fa1536"
"P_8a714f13","T_8bcf6629"
"P_80218828","T_9c810920"
"P_80218828","T_3aee4b0a"
"P_80218828","T_95687afb"
"P_80218828","T_5f3490a2"
"P_beb8c50a","T_ac1ed416"
"P_beb8c50a","T_3aee4b0a"
"P_beb8c50a","T_4ac4921f"
"P_beb8c50a","T_09617f81"
"P_beb8c50a","T_7e676e9e"
"P_beb8c50a","T_d30d7060"
"P_916d33fb","T_9c810920"
"P_916d33fb","T_848b8f26"
"P_916d33fb","T_d46a3928"
"P_916d33fb","T_3aee4b0a"
"P_916d33fb","T_95687afb"
"P_916d33fb","T_09617f81"
"P_916d33fb","T_2d5563ed"
"P_916d33fb","T_5f3490a2"
"P_24f182fe","T_d46a3928"
"P_24f182fe","T_7f8620e7"
"P_24f182fe","T_95687afb"
"P_24f182fe","T_09617f81"
"P_b66b192d","T_9c810920"
"P_b66b192d","T_7f8620e7"
"P_b66b192d","T_09617f81"
"P_b66b192d","T_5f3490a2"
"P_3998ea5a","T_09617f81"
"P_3998ea5a","T_8bcf6629"
"P_8df10394","T_ac1ed416"
"P_8df10394","T_3aee4b0a"
"P_8df10394","T_0c070c59"
"P_8df10394","T_4ac4921f"
"P_8df10394","T_e8706a28"
"P_8df10394","T_b6fa1536"
"P_8df10394","T_2d5563ed"
"P_97247684","T_ac1ed416"
"P_97247684","T_3aee4b0a"
"P_97247684","T_0c070c59"
"P_97247684","T_95687afb"
"P_97247684","T_4ac4921f"
"P_97247684","T_e8706a28"
"P_97247684","T_72a40ac7"
"P_97247684","T_b6fa1536"
"P_97247684","T_7e676e9e"
"P_97247684","T_2d5563ed"
"P_a43fceaa","T_3aee4b0a"
"P_a43fceaa","T_0c070c59"
"P_a43fceaa","T_95687afb"
"P_a43fceaa","T_09617f81"
"P_a43fceaa","T_2d5563ed"
"P_89d6174d","T_9c810920"
"P_89d6174d","T_d46a3928"
"P_89d6174d","T_3aee4b0a"
"P_89d6174d","T_ed7daeb1"
"P_89d6174d","T_09617f81"
"P_89d6174d","T_b6fa1536"
"P_89d6174d","T_7e676e9e"
"P_89d6174d","T_411ba940"
"P_89d6174d","T_5f3490a2"
"P_f9ec9df2","T_d46a3928"
"P_f9ec9df2","T_3aee4b0a"
"P_f9ec9df2","T_0c070c59"
"P_f9ec9df2","T_95687afb"
"P_f9ec9df2","T_e8706a28"
"P_f9ec9df2","T_09617f81"
"P_f9ec9df2","T_d30d7060"
"P_f9ec9df2","T_2d5563ed"
"P_b216f34f","T_7f8620e7"
"P_b216f34f","T_3aee4b0a"
"P_b216f34f","T_09617f81"
"P_b216f34f","T_d30d7060"
"P_d03a7b5b","T_7e676e9e"
"P_d03a7b5b","T_7b965a78"
"P_f655337a","T_848b8f26"
"P_f655337a","T_ac1ed416"
"P_f655337a","T_95687afb"
"P_d8322e2d","T_0db2dd94"
"P_d8322e2d","T_ed7daeb1"
"P_d8322e2d","T_99f3b498"
"P_d8322e2d","T_e8706a28"
"P_e9f8b87e","T_7f8620e7"
"P_e9f8b87e","T_95687afb"
"P_e9f8b87e","T_ed7daeb1"
"P_e9f8b87e","T_e8706a28"
"P_e9f8b87e","T_09617f81"
"P_e9f8b87e","T_7e676e9e"
"P_e9f8b87e","T_d30d7060"
"P_d3a90c80","T_3aee4b0a"
"P_d3a90c80","T_0c070c59"
"P_d3a90c80","T_9cfa7aef"
"P_d3a90c80","T_e8706a28"
"P_d3a90c80","T_b6fa1536"
"P_d3a90c80","T_2d5563ed"
"P_e3e7ed46","T_3aee4b0a"
"P_e3e7ed46","T_0c070c59"
"P_e3e7ed46","T_9cfa7aef"
"P_e3e7ed46","T_e8706a28"
"P_e3e7ed46","T_09617f81"
"P_e3e7ed46","T_2d5563ed"
"P_0600a03c","T_0c070c59"
"P_0600a03c","T_95687afb"
"P_0600a03c","T_e8706a28"
"P_0600a03c","T_09617f81"
"P_0600a03c","T_2d5563ed"
"P_aa95f0fa","T_d46a3928"
"P_aa95f0fa","T_7e676e9e"
"P_47679676","T_09617f81"
"P_47679676","T_7e676e9e"
"P_ba2549f3","T_7f8620e7"
"P_ba2549f3","T_09617f81"
"P_ba2549f3","T_7e676e9e"
"P_ba2549f3","T_8bcf6629"
"P_735eac35","T_47c4ef35"
"P_735eac35","T_95687afb"
"P_2ea77124","T_0db2dd94"
"P_2ea77124","T_e8706a28"
"P_6d3c66a3","T_0db2dd94"
"P_6d3c66a3","T_99f3b498"
"P_6d3c66a3","T_e8706a28"
"P_adda30cb","T_7f8620e7"
"P_adda30cb","T_e8706a28"
"P_adda30cb","T_fe88c03a"
"P_5bb16c1c","T_3aee4b0a"
"P_5bb16c1c","T_95687afb"
"P_8dcdd61a","T_09617f81"
"P_8dcdd61a","T_b6fa1536"
"P_f58dba93","T_848b8f26"
"P_f58dba93","T_d46a3928"
"P_f58dba93","T_95687afb"
"P_f58dba93","T_09617f81"
"P_f58dba93","T_7e676e9e"
"P_f58dba93","T_d30d7060"
"P_edd5a654","T_848b8f26"
"P_edd5a654","T_3aee4b0a"
"P_42bea018","T_39434a1c"
"P_42bea018","T_ac1ed416"
"P_42bea018","T_95687afb"
"P_6518eb96","T_9c810920"
"P_6518eb96","T_ed7daeb1"
"P_8bc6fe1a","T_7e676e9e"
"P_f312ddef","T_95687afb"
"P_f312ddef","T_09617f81"
"P_f312ddef","T_d30d7060"
"P_85de0590","T_ac1ed416"
"P_85de0590","T_95687afb"
"P_85de0590","T_7b965a78"
"P_8dc8c194","T_0c070c59"
"P_8dc8c194","T_4ac4921f"
"P_8dc8c194","T_e8706a28"
"P_8dc8c194","T_09617f81"
"P_e19e302a","T_09617f81"
"P_04c2e106","T_9cfa7aef"
"P_04c2e106","T_09617f81"
"P_04c2e106","T_d30d7060"
"P_04c2e106","T_5f3490a2"
"P_46f24521","T_09617f81"
"P_46f24521","T_d30d7060"
"P_2d10bacd","T_d46a3928"
"P_e533ae5b","T_d46a3928"
"P_e533ae5b","T_7f8620e7"
"P_e533ae5b","T_3aee4b0a"
"P_e533ae5b","T_72a40ac7"
"P_e533ae5b","T_8bcf6629"
"P_c4106197","T_d46a3928"
"P_c4106197","T_7f8620e7"
"P_c4106197","T_09617f81"
"P_c4106197","T_72a40ac7"
"P_c4106197","T_8bcf6629"
"P_a4b890b7","T_3aee4b0a"
"P_a4b890b7","T_e8706a28"
"P_a4b890b7","T_09617f81"
"P_a4b890b7","T_feaae678"
"P_c81ba465","T_d46a3928"
"P_c81ba465","T_7f8620e7"
"P_c81ba465","T_99f3b498"
"P_c81ba465","T_09617f81"
"P_c81ba465","T_7e676e9e"
"P_c81ba465","T_d30d7060"
"P_1a322e53","T_d46a3928"
"P_1a322e53","T_7f8620e7"
"P_1a322e53","T_09617f81"
"P_1a322e53","T_7e676e9e"
"P_1cec68b0","T_7f8620e7"
"P_1cec68b0","T_09617f81"
"P_1cec68b0","T_d30d7060"
"P_a70e15ae","T_3aee4b0a"
"P_a70e15ae","T_09617f81"
"P_a70e15ae","T_7e676e9e"
"P_3c89ede5","T_7f8620e7"
"P_3c89ede5","T_0c070c59"
"P_3c89ede5","T_7e676e9e"
"P_fa224f90","T_9c810920"
"P_fa224f90","T_3aee4b0a"
"P_fa224f90","T_95687afb"
"P_fa224f90","T_d30d7060"
"P_fa224f90","T_5f3490a2"
"P_19818f71","T_9c810920"
"P_19818f71","T_0c070c59"
"P_19818f71","T_95687afb"
"P_19818f71","T_4ac4921f"
"P_19818f71","T_e8706a28"
"P_19818f71","T_feaae678"
"P_19818f71","T_d30d7060"
"P_fd933e55","T_9c810920"
"P_fd933e55","T_d46a3928"
"P_fd933e55","T_95687afb"
"P_fd933e55","T_4ac4921f"
"P_fd933e55","T_e8706a28"
"P_fd933e55","T_feaae678"
"P_fd933e55","T_d30d7060"
"P_d37a6b18","T_3aee4b0a"
"P_d37a6b18","T_09617f81"
"P_d37a6b18","T_b6fa1536"
"P_d37a6b18","T_7e676e9e"
"P_d37a6b18","T_25b24abe"
"P_0d05c5ab","T_848b8f26"
"P_0d05c5ab","T_7f8620e7"
"P_0d05c5ab","T_09617f81"
"P_0d05c5ab","T_7e676e9e"
"P_5344ed2b","T_09617f81"
"P_5344ed2b","T_d30d7060"
"P_518cbecf","T_7f8620e7"
"P_518cbecf","T_7e676e9e"
"P_b64fd65c","T_848b8f26"
"P_b64fd65c","T_d46a3928"
"P_b64fd65c","T_ac1ed416"
"P_b64fd65c","T_95687afb"
"P_b64fd65c","T_7e676e9e"
"P_1bf091c2","T_848b8f26"
"P_1bf091c2","T_d46a3928"
"P_1bf091c2","T_ac1ed416"
"P_1bf091c2","T_95687afb"
"P_1bf091c2","T_7e676e9e"
"P_f5ccf60c","T_ac1ed416"
"P_f5ccf60c","T_0c070c59"
"P_f5ccf60c","T_95687afb"
"P_f5ccf60c","T_4ac4921f"
"P_f5ccf60c","T_7e676e9e"
"P_a700e340","T_9c810920"
"P_a700e340","T_d46a3928"
"P_a700e340","T_ac1ed416"
"P_a700e340","T_3aee4b0a"
"P_a700e340","T_47c4ef35"
"P_a700e340","T_95687afb"
"P_b8dcd5de","T_d46a3928"
"P_b8dcd5de","T_7f8620e7"
"P_b8dcd5de","T_7e676e9e"
"P_a20ca069","T_d46a3928"
"P_a20ca069","T_0c070c59"
"P_a20ca069","T_e8706a28"
"P_a20ca069","T_b6fa1536"
"P_a20ca069","T_d30d7060"
"P_ecb3477e","T_7f8620e7"
"P_ecb3477e","T_7e676e9e"
"P_8efc4754","T_d46a3928"
"P_8efc4754","T_ed7daeb1"
"P_8efc4754","T_72a40ac7"
"P_8efc4754","T_7e676e9e"
"P_8efc4754","T_8bcf6629"
"P_eb434c4d","T_d46a3928"
"P_eb434c4d","T_7f8620e7"
"P_eb434c4d","T_3aee4b0a"
"P_eb434c4d","T_09617f81"
"P_eb434c4d","T_d30d7060"
"P_840d5bec","T_09617f81"
"P_840d5bec","T_b6fa1536"
"P_840d5bec","T_7e676e9e"
"P_f86ed4a2","T_d46a3928"
"P_f86ed4a2","T_7f8620e7"
"P_f86ed4a2","T_09617f81"
"P_f86ed4a2","T_7e676e9e"
"P_f86ed4a2","T_5f3490a2"
"P_095b724c","T_7f8620e7"
"P_095b724c","T_09617f81"
"P_095b724c","T_d30d7060"
"P_1f597034","T_7f8620e7"
"P_1f597034","T_9cfa7aef"
"P_1f597034","T_09617f81"
"P_1f597034","T_7e676e9e"
"P_63a453c3","T_3aee4b0a"
"P_63a453c3","T_95687afb"
"P_63a453c3","T_e8706a28"
"P_63a453c3","T_09617f81"
"P_63a453c3","T_7e676e9e"
"P_63a453c3","T_feaae678"
"P_63a453c3","T_5f3490a2"
"P_27e85536","T_3aee4b0a"
"P_27e85536","T_95687afb"
"P_27e85536","T_09617f81"
"P_c0e0c42e","T_7f8620e7"
"P_c0e0c42e","T_b6fa1536"
"P_cf50d25f","T_9c810920"
"P_cf50d25f","T_d46a3928"
"P_cf50d25f","T_09617f81"
"P_cf50d25f","T_72a40ac7"
"P_cf50d25f","T_7e676e9e"
"P_cf50d25f","T_7b965a78"
"P_cf50d25f","T_8bcf6629"
"P_050b408f","T_d46a3928"
"P_050b408f","T_3aee4b0a"
"P_050b408f","T_95687afb"
"P_050b408f","T_09617f81"
"P_050b408f","T_b6fa1536"
"P_050b408f","T_7e676e9e"
"P_7d360562","T_0c070c59"
"P_7d360562","T_95687afb"
"P_7d360562","T_9cfa7aef"
"P_7d360562","T_e8706a28"
"P_7d360562","T_09617f81"
"P_7d360562","T_2d5563ed"
"P_ec33a035","T_9c810920"
"P_ec33a035","T_3aee4b0a"
"P_ec33a035","T_09617f81"
"P_ec33a035","T_7e676e9e"
"P_ec33a035","T_70ec15bf"
"P_ec33a035","T_d30d7060"
"P_c324fd8f","T_848b8f26"
"P_c324fd8f","T_47c4ef35"
"P_c324fd8f","T_95687afb"
"P_c324fd8f","T_7e676e9e"
"P_c15cfb82","T_9c810920"
"P_c15cfb82","T_d46a3928"
"P_c15cfb82","T_3aee4b0a"
"P_c15cfb82","T_09617f81"
"P_cff0eb01","T_95687afb"
"P_cff0eb01","T_ed7daeb1"
"P_cff0eb01","T_09617f81"
"P_cff0eb01","T_7e676e9e"
"P_8ed4e9c2","T_95687afb"
"P_8ed4e9c2","T_e8706a28"
"P_8ed4e9c2","T_7e676e9e"
"P_8ed4e9c2","T_2d5563ed"
"P_a57df84c","T_9c810920"
"P_a57df84c","T_09617f81"
"P_a57df84c","T_d30d7060"
"P_5af53605","T_e8706a28"
"P_5af53605","T_feaae678"
"P_5aaac982","T_fe88c03a"
"P_d7bebd69","T_3aee4b0a"
"P_d7bebd69","T_ed7daeb1"
"P_d7bebd69","T_b6fa1536"
"P_56257edb","T_7f8620e7"
"P_56257edb","T_95687afb"
"P_56257edb","T_e8706a28"
"P_e82ef65c","T_d46a3928"
"P_e82ef65c","T_9fc22ce4"
"P_e82ef65c","T_8bcf6629"
"P_71578000","T_d46a3928"
"P_71578000","T_e8706a28"
"P_854cee69","T_7f8620e7"
"P_854cee69","T_7e676e9e"
"P_aa85f822","T_7f8620e7"
"P_2baac04d","T_848b8f26"
"P_2baac04d","T_95687afb"
"P_2baac04d","T_4ac4921f"
"P_2baac04d","T_e8706a28"
"P_f3c5b42c","T_d46a3928"
"P_f3c5b42c","T_09617f81"
"P_f3c5b42c","T_b6fa1536"
"P_f3c5b42c","T_7e676e9e"
"P_47090b16","T_9c810920"
"P_47090b16","T_d46a3928"
"P_47090b16","T_3aee4b0a"
"P_47090b16","T_09617f81"
"P_47090b16","T_d30d7060"
"P_99c73252","T_9c810920"
"P_99c73252","T_d30d7060"
"P_99c73252","T_5f3490a2"
"P_be2383d3","T_7f8620e7"
"P_be2383d3","T_b6fa1536"
"P_dc59dab4","T_9c810920"
"P_dc59dab4","T_7e676e9e"
"P_dcebd41c","T_09617f81"
"P_17bda834","T_0c070c59"
"P_17bda834","T_95687afb"
"P_17bda834","T_2d5563ed"
"P_92396812","T_3aee4b0a"
"P_92396812","T_47c4ef35"
"P_92396812","T_7e676e9e"
"P_92396812","T_7b965a78"
"P_f6fba019","T_95687afb"
"P_f6fba019","T_b6fa1536"
"P_f6fba019","T_8bcf6629"
"P_13753975","T_d46a3928"
"P_13753975","T_09617f81"
"P_13753975","T_7e676e9e"
"P_13753975","T_8bcf6629"
"P_24066531","T_d46a3928"
"P_24066531","T_95687afb"
"P_24066531","T_7e676e9e"
"P_1f9075bf","T_d46a3928"
"P_1f9075bf","T_09617f81"
"P_1f9075bf","T_7e676e9e"
"P_f9fca3bc","T_b6fa1536"
"P_53122e9c","T_848b8f26"
"P_53122e9c","T_d46a3928"
"P_53122e9c","T_3aee4b0a"
"P_53122e9c","T_4ac4921f"
"P_53122e9c","T_b6fa1536"
"P_21759e95","T_9c810920"
"P_21759e95","T_848b8f26"
"P_21759e95","T_d46a3928"
"P_21759e95","T_7f8620e7"
"P_21759e95","T_b6fa1536"
"P_21759e95","T_fe88c03a"
"P_1b797c05","T_d46a3928"
"P_1b797c05","T_95687afb"
"P_ee6f021a","T_d46a3928"
"P_ee6f021a","T_7f8620e7"
"P_ee6f021a","T_09617f81"
"P_ee6f021a","T_b6fa1536"
"P_cdb76874","T_d46a3928"
"P_cdb76874","T_7f8620e7"
"P_cdb76874","T_99f3b498"
"P_cdb76874","T_b6fa1536"
"P_ee250970","T_09617f81"
"P_ee250970","T_b6fa1536"
"P_eb733773","T_848b8f26"
"P_eb733773","T_9473db81"
"P_eb733773","T_7e676e9e"
"P_83b2423c","T_7f8620e7"
"P_3053c5f9","T_3aee4b0a"
"P_3053c5f9","T_95687afb"
"P_7b991853","T_d46a3928"
"P_7b991853","T_ac1ed416"
"P_7b991853","T_95687afb"
"P_7b991853","T_7e676e9e"
"P_d749c524","T_d46a3928"
"P_d749c524","T_3aee4b0a"
"P_d749c524","T_47c4ef35"
"P_d749c524","T_95687afb"
"P_d749c524","T_b6fa1536"
"P_d749c524","T_7e676e9e"
"P_d749c524","T_2d5563ed"
"P_77924f80","T_7f8620e7"
"P_77924f80","T_e8706a28"
"P_77924f80","T_09617f81"
"P_d818d634","T_9c810920"
"P_d818d634","T_d46a3928"
"P_d818d634","T_3aee4b0a"
"P_d818d634","T_09617f81"
"P_d818d634","T_d30d7060"
"P_d818d634","T_5f3490a2"
"P_d8638515","T_848b8f26"
"P_d8638515","T_d46a3928"
"P_d8638515","T_09617f81"
"P_d8638515","T_b6fa1536"
"P_d8638515","T_8bcf6629"
"P_1eac8eb0","T_7f8620e7"
"P_1eac8eb0","T_09617f81"
"P_06799667","T_d46a3928"
"P_06799667","T_09617f81"
"P_06799667","T_b6fa1536"
"P_06799667","T_7e676e9e"
"P_06799667","T_7b965a78"
"P_db67021d","T_d46a3928"
"P_db67021d","T_ac1ed416"
"P_db67021d","T_09617f81"
"P_db67021d","T_8bcf6629"
"P_25cac3fb","T_b6fa1536"
"P_25cac3fb","T_7e676e9e"
"P_6cd352a9","T_7f8620e7"
"P_6cd352a9","T_3aee4b0a"
"P_6cd352a9","T_09617f81"
"P_6cd352a9","T_b6fa1536"
"P_972439f7","T_7f8620e7"
"P_972439f7","T_3aee4b0a"
"P_972439f7","T_09617f81"
"P_691d7048","T_09617f81"
"P_691d7048","T_b6fa1536"
"P_b992bddf","T_7f8620e7"
"P_b992bddf","T_09617f81"
"P_4f1d4a53","T_0db2dd94"
"P_4f1d4a53","T_e8706a28"
"P_482a28f1","T_9c810920"
"P_482a28f1","T_3aee4b0a"
"P_482a28f1","T_09617f81"
"P_482a28f1","T_d30d7060"
"P_482a28f1","T_411ba940"
"P_482a28f1","T_5f3490a2"
"P_2555a4ed","T_9c810920"
"P_2555a4ed","T_3aee4b0a"
"P_2555a4ed","T_09617f81"
"P_2555a4ed","T_d30d7060"
"P_3e03403c","T_09617f81"
"P_3e03403c","T_d30d7060"
"P_4ac05407","T_d46a3928"
"P_4ac05407","T_0c070c59"
"P_4ac05407","T_e8706a28"
"P_4ac05407","T_b6fa1536"
"P_efdcaa5f","T_7f8620e7"
"P_3e3be2cb","T_848b8f26"
"P_3e3be2cb","T_3aee4b0a"
"P_f8556c05","T_3aee4b0a"
"P_af2dc6f3","T_95687afb"
"P_af2dc6f3","T_d30d7060"
"P_af2dc6f3","T_737e9f3e"
"P_af2dc6f3","T_8bcf6629"
"P_b1a5417d","T_e8706a28"
"P_b1a5417d","T_7e676e9e"
"P_b1a5417d","T_feaae678"
"P_ade5625d","T_9cfa7aef"
"P_ade5625d","T_7e676e9e"
"P_72832f6c","T_ac1ed416"
"P_72832f6c","T_3aee4b0a"
"P_7f67abda","T_09617f81"
"P_7f67abda","T_8bcf6629"
"P_57fa3415","T_7e676e9e"
"P_57fa3415","T_7b965a78"
"P_354cab2a","T_d46a3928"
"P_354cab2a","T_09617f81"
"P_a2ab57eb","T_7f8620e7"
"P_a2ab57eb","T_3aee4b0a"
"P_a2ab57eb","T_95687afb"
"P_a2ab57eb","T_b6fa1536"
"P_a2ab57eb","T_7e676e9e"
"P_9dc0b8e4","T_0c070c59"
"P_9dc0b8e4","T_95687afb"
"P_9dc0b8e4","T_4ac4921f"
"P_9dc0b8e4","T_e8706a28"
"P_9dc0b8e4","T_b6fa1536"
"P_9dc0b8e4","T_2d5563ed"
"P_31c881b4","T_0c070c59"
"P_31c881b4","T_99f3b498"
"P_31c881b4","T_e8706a28"
"P_31c881b4","T_b6fa1536"
"P_31c881b4","T_2d5563ed"
"P_f7344a52","T_9c810920"
"P_f7344a52","T_d46a3928"
"P_f7344a52","T_3aee4b0a"
"P_f7344a52","T_7e676e9e"
"P_f7344a52","T_7b965a78"
"P_84df4cf5","T_9c810920"
"P_84df4cf5","T_09617f81"
"P_84df4cf5","T_b6fa1536"
"P_84df4cf5","T_7e676e9e"
"P_84df4cf5","T_7b965a78"
"P_edff055d","T_7f8620e7"
"P_edff055d","T_09617f81"
"P_edff055d","T_7e676e9e"
"P_348b1ca0","T_09617f81"
"P_348b1ca0","T_7e676e9e"
"P_f81882c5","T_b6fa1536"
"P_f81882c5","T_8bcf6629"
"P_f9e8ea56","T_d46a3928"
"P_f9e8ea56","T_7e676e9e"
"P_13282f81","T_d46a3928"
"P_13282f81","T_3aee4b0a"
"P_13282f81","T_b6fa1536"
"P_252b1ff2","T_848b8f26"
"P_252b1ff2","T_d46a3928"
"P_252b1ff2","T_ac1ed416"
"P_252b1ff2","T_95687afb"
"P_252b1ff2","T_9cfa7aef"
"P_252b1ff2","T_09617f81"
"P_252b1ff2","T_b6fa1536"
"P_252b1ff2","T_feaae678"
"P_f61f2d7b","T_848b8f26"
"P_f61f2d7b","T_d46a3928"
"P_f61f2d7b","T_3aee4b0a"
"P_f61f2d7b","T_0c070c59"
"P_f61f2d7b","T_e8706a28"
"P_f61f2d7b","T_09617f81"
"P_f61f2d7b","T_b6fa1536"
"P_b2406fed","T_d46a3928"
"P_b2406fed","T_0db2dd94"
"P_b2406fed","T_7e676e9e"
"P_b2406fed","T_7b965a78"
"P_77a6d556","T_9c810920"
"P_77a6d556","T_d46a3928"
"P_77a6d556","T_3aee4b0a"
"P_77a6d556","T_95687afb"
"P_77a6d556","T_09617f81"
"P_77a6d556","T_7e676e9e"
"P_0c6e6d2e","T_7e676e9e"
"P_0c6e6d2e","T_7b965a78"
"P_60ef53b3","T_d46a3928"
"P_60ef53b3","T_7e676e9e"
"P_af9cdf66","T_3aee4b0a"
"P_af9cdf66","T_95687afb"
"P_af9cdf66","T_b6fa1536"
"P_af9cdf66","T_25b24abe"
"P_e1bd078e","T_9c810920"
"P_e1bd078e","T_d46a3928"
"P_e1bd078e","T_3aee4b0a"
"P_e1bd078e","T_0c070c59"
"P_e1bd078e","T_47c4ef35"
"P_e1bd078e","T_09617f81"
"P_e1bd078e","T_b6fa1536"
"P_e1bd078e","T_2d5563ed"
"P_49fa319f","T_3aee4b0a"
"P_49fa319f","T_b6fa1536"
"P_49fa319f","T_d30d7060"
"P_49fa319f","T_5f3490a2"
"P_7fa4f4e8","T_09617f81"
"P_ac82f830","T_9cfa7aef"
"P_ac82f830","T_09617f81"
"P_d502975d","T_09617f81"
"P_d502975d","T_d30d7060"
"P_ab5548cc","T_9c810920"
"P_ab5548cc","T_3aee4b0a"
"P_ab5548cc","T_09617f81"
"P_ab5548cc","T_5f3490a2"
"P_9cc4596f","T_9c810920"
"P_9cc4596f","T_d46a3928"
"P_9cc4596f","T_0c070c59"
"P_9cc4596f","T_e8706a28"
"P_5b30d931","T_3aee4b0a"
"P_5b30d931","T_47c4ef35"
"P_5b30d931","T_95687afb"
"P_5b30d931","T_4ac4921f"
"P_5b30d931","T_09617f81"
"P_43aface4","T_9c810920"
"P_43aface4","T_3aee4b0a"
"P_43aface4","T_72a40ac7"
"P_43aface4","T_b6fa1536"
"P_43aface4","T_d30d7060"
"P_43aface4","T_8bcf6629"
"P_43aface4","T_2d5563ed"
"P_17fe8f74","T_ac1ed416"
"P_17fe8f74","T_95687afb"
"P_17fe8f74","T_7e676e9e"
"P_9efc0390","T_d46a3928"
"P_9efc0390","T_0c070c59"
"P_9efc0390","T_7b965a78"
"P_4966d64a","T_7f8620e7"
"P_4966d64a","T_7e676e9e"
"P_845dec67","T_d46a3928"
"P_845dec67","T_0c070c59"
"P_845dec67","T_e8706a28"
"P_845dec67","T_feaae678"
"P_38e44537","T_848b8f26"
"P_38e44537","T_0c070c59"
"P_38e44537","T_95687afb"
"P_34d9ce6f","T_9c810920"
"P_34d9ce6f","T_d46a3928"
"P_34d9ce6f","T_7e676e9e"
"P_ba88d671","T_b6fa1536"
"P_ba88d671","T_d30d7060"
"P_c6ac835f","T_ac1ed416"
"P_c6ac835f","T_95687afb"
"P_c6ac835f","T_7e676e9e"
"P_c6ac835f","T_7b965a78"
"P_8a074af8","T_ac1ed416"
"P_8a074af8","T_0c070c59"
"P_8a074af8","T_95687afb"
"P_8a074af8","T_e8706a28"
"P_8a074af8","T_09617f81"
"P_8a074af8","T_7e676e9e"
"P_8a074af8","T_573b5cfb"
"P_8a074af8","T_2d5563ed"
"P_803391dc","T_d46a3928"
"P_803391dc","T_7f8620e7"
"P_803391dc","T_0c070c59"
"P_803391dc","T_09617f81"
"P_803391dc","T_7b965a78"
"P_803391dc","T_2d5563ed"
"P_803391dc","T_5f3490a2"
"P_9f6a8c84","T_848b8f26"
"P_9f6a8c84","T_ac1ed416"
"P_9f6a8c84","T_7f8620e7"
"P_9f6a8c84","T_09617f81"
"P_9f6a8c84","T_7e676e9e"
"P_9f6a8c84","T_5f3490a2"
"P_fb6240b1","T_7f8620e7"
"P_fb6240b1","T_09617f81"
"P_fb6240b1","T_7e676e9e"
"P_5d741b8c","T_9cfa7aef"
"P_5d741b8c","T_7e676e9e"
"P_b971df7f","T_7f8620e7"
"P_b971df7f","T_b6fa1536"
"P_b971df7f","T_d30d7060"
"P_6caf23c0","T_7f8620e7"
"P_6caf23c0","T_b6fa1536"
"P_6caf23c0","T_d30d7060"
"P_9c04e2a0","T_7e676e9e"
"P_9c04e2a0","T_7b965a78"
"P_a5c47c07","T_95687afb"
"P_a5c47c07","T_7b965a78"
"P_5685f255","T_ac1ed416"
"P_5685f255","T_95687afb"
"P_5685f255","T_7e676e9e"
"P_5685f255","T_7b965a78"
"P_15ec5d40","T_ac1ed416"
"P_15ec5d40","T_95687afb"
"P_15ec5d40","T_b6fa1536"
"P_15ec5d40","T_7e676e9e"
"P_3455a7f5","T_7f8620e7"
"P_3455a7f5","T_09617f81"
"P_3455a7f5","T_7e676e9e"
"P_3455a7f5","T_7b965a78"
"P_f4d5eaad","T_848b8f26"
"P_f4d5eaad","T_d46a3928"
"P_f4d5eaad","T_7e676e9e"
"P_f4d5eaad","T_7b965a78"
"P_fdc71a7d","T_848b8f26"
"P_fdc71a7d","T_d46a3928"
"P_fdc71a7d","T_7e676e9e"
"P_fdc71a7d","T_7b965a78"
"P_71eafc4c","T_7f8620e7"
"P_71eafc4c","T_09617f81"
"P_71eafc4c","T_b6fa1536"
"P_71eafc4c","T_8bcf6629"
"P_40d07032","T_7f8620e7"
"P_40d07032","T_7b965a78"
"P_59fcef47","T_b6fa1536"
"P_519af5f1","T_95687afb"
"P_519af5f1","T_b6fa1536"
"P_01895a34","T_d46a3928"
"P_01895a34","T_95687afb"
"P_01895a34","T_09617f81"
"P_01895a34","T_7e676e9e"
"P_01895a34","T_5f3490a2"
"P_9ccfcd84","T_d46a3928"
"P_9ccfcd84","T_95687afb"
"P_9ccfcd84","T_09617f81"
"P_9ccfcd84","T_7e676e9e"
"P_9ccfcd84","T_7b965a78"
"P_b76aa9a1","T_09617f81"
"P_b76aa9a1","T_b6fa1536"
"P_3193212d","T_9c810920"
"P_3193212d","T_3aee4b0a"
"P_3193212d","T_72a40ac7"
"P_3193212d","T_737e9f3e"
"P_3193212d","T_8bcf6629"
"P_f9387a5d","T_0db2dd94"
"P_d39d326d","T_7f8620e7"
"P_d39d326d","T_b6fa1536"
"P_d39d326d","T_fe88c03a"
"P_9a44030b","T_ac1ed416"
"P_9a44030b","T_3aee4b0a"
"P_9a44030b","T_9473db81"
"P_9a44030b","T_7e676e9e"
"P_9a44030b","T_d30d7060"
"P_bb6b2f9e","T_3aee4b0a"
"P_bb6b2f9e","T_09617f81"
"P_bb6b2f9e","T_7e676e9e"
"P_50756420","T_9c810920"
"P_50756420","T_848b8f26"
"P_50756420","T_3aee4b0a"
"P_50756420","T_95687afb"
"P_50756420","T_b6fa1536"
"P_8a2a27d8","T_3aee4b0a"
"P_8a2a27d8","T_ed7daeb1"
"P_8a2a27d8","T_09617f81"
"P_8a2a27d8","T_d30d7060"
"P_64aaa7be","T_9c810920"
"P_64aaa7be","T_d46a3928"
"P_64aaa7be","T_09617f81"
"P_64aaa7be","T_7e676e9e"
"P_dade42f6","T_9cfa7aef"
"P_dade42f6","T_09617f81"
"P_7e66e162","T_848b8f26"
"P_7e66e162","T_ac1ed416"
"P_7e66e162","T_3aee4b0a"
"P_7e66e162","T_95687afb"
"P_7e66e162","T_7e676e9e"
"P_7e66e162","T_7b965a78"
"P_53bff64f","T_9c810920"
"P_53bff64f","T_3aee4b0a"
"P_53bff64f","T_7e676e9e"
"P_53bff64f","T_d30d7060"
"P_53bff64f","T_5f3490a2"
"P_5c3f31dd","T_95687afb"
"P_5c3f31dd","T_09617f81"
"P_5c3f31dd","T_fe88c03a"
"P_5c3f31dd","T_5f3490a2"
"P_c192390a","T_3aee4b0a"
"P_c192390a","T_09617f81"
"P_c192390a","T_5f3490a2"
"P_a88dd18d","T_7f8620e7"
"P_a88dd18d","T_09617f81"
"P_a88dd18d","T_7e676e9e"
"P_a88dd18d","T_7b965a78"
"P_74c85514","T_d46a3928"
"P_74c85514","T_b6fa1536"
"P_6ee79941","T_b6fa1536"
"P_6422621e","T_9c810920"
"P_6422621e","T_7f8620e7"
"P_6422621e","T_47c4ef35"
"P_6422621e","T_fe88c03a"
"P_6422621e","T_7e676e9e"
"P_6422621e","T_7b965a78"
"P_194b8c3b","T_848b8f26"
"P_194b8c3b","T_95687afb"
"P_194b8c3b","T_7b965a78"
"P_194b8c3b","T_5f3490a2"
"P_fb1ec626","T_9c810920"
"P_fb1ec626","T_7f8620e7"
"P_fb1ec626","T_3aee4b0a"
"P_fb1ec626","T_09617f81"
"P_52ae508c","T_d46a3928"
"P_52ae508c","T_b6fa1536"
"P_52ae508c","T_25b24abe"
"P_0a8d1184","T_d46a3928"
"P_0a8d1184","T_b6fa1536"
"P_d97561d9","T_09617f81"
"P_d97561d9","T_d30d7060"
"P_f1b8b8e9","T_b6fa1536"
"P_92f3c795","T_7f8620e7"
"P_7b814d54","T_47c4ef35"
"P_7b814d54","T_95687afb"
"P_6a146c42","T_95687afb"
"P_6a146c42","T_2d5563ed"
"P_4eeba5b5","T_9c810920"
"P_4eeba5b5","T_d46a3928"
"P_4eeba5b5","T_0c070c59"
"P_4eeba5b5","T_95687afb"
"P_4eeba5b5","T_2d5563ed"
"P_d24bf68e","T_9c810920"
"P_d24bf68e","T_d46a3928"
"P_d24bf68e","T_7f8620e7"
"P_d24bf68e","T_09617f81"
"P_d24bf68e","T_b6fa1536"
"P_d24bf68e","T_7e676e9e"
"P_d24bf68e","T_411ba940"
"P_e06c15c0","T_9c810920"
"P_e06c15c0","T_3aee4b0a"
"P_e06c15c0","T_47c4ef35"
"P_e06c15c0","T_09617f81"
"P_e06c15c0","T_b6fa1536"
"P_e06c15c0","T_7e676e9e"
"P_68687b0a","T_848b8f26"
"P_68687b0a","T_7f8620e7"
"P_68687b0a","T_7e676e9e"
"P_6786237c","T_7f8620e7"
"P_6786237c","T_09617f81"
"P_6786237c","T_7e676e9e"
"P_6786237c","T_7b965a78"
"P_eac828b7","T_b6fa1536"
"P_eac828b7","T_7e676e9e"
"P_bcc9a365","T_d46a3928"
"P_bcc9a365","T_0c070c59"
"P_bcc9a365","T_95687afb"
"P_bcc9a365","T_7b965a78"
"P_2dc3cb1c","T_09617f81"
"P_2dc3cb1c","T_b6fa1536"
"P_48f54ac5","T_7f8620e7"
"P_48f54ac5","T_09617f81"
"P_48f54ac5","T_b6fa1536"
"P_48f54ac5","T_d30d7060"
"P_1b7aaeb8","T_ac1ed416"
"P_1b7aaeb8","T_95687afb"
"P_1b7aaeb8","T_7e676e9e"
"P_1b7aaeb8","T_d30d7060"
"P_68fa689a","T_ac1ed416"
"P_68fa689a","T_95687afb"
"P_68fa689a","T_7e676e9e"
"P_68fa689a","T_d30d7060"
"P_2ddc70c3","T_ac1ed416"
"P_2ddc70c3","T_7f8620e7"
"P_2ddc70c3","T_09617f81"
"P_2ddc70c3","T_72a40ac7"
"P_2ddc70c3","T_7e676e9e"
"P_1e13cfb2","T_7f8620e7"
"P_1e13cfb2","T_09617f81"
"P_1e13cfb2","T_b6fa1536"
"P_1e13cfb2","T_d30d7060"
"P_64ebc9c6","T_7f8620e7"
"P_64ebc9c6","T_0c070c59"
"P_64ebc9c6","T_e8706a28"
"P_64ebc9c6","T_b6fa1536"
"P_61ccae79","T_3aee4b0a"
"P_61ccae79","T_09617f81"
"P_61ccae79","T_b6fa1536"
"P_61ccae79","T_5f3490a2"
"P_d72975d9","T_d46a3928"
"P_d72975d9","T_e83775f8"
"P_d72975d9","T_7e676e9e"
"P_d72975d9","T_7b965a78"
"P_acec588c","T_3aee4b0a"
"P_acec588c","T_0c070c59"
"P_acec588c","T_95687afb"
"P_acec588c","T_09617f81"
"P_acec588c","T_2d5563ed"
"P_51636751","T_d46a3928"
"P_51636751","T_7e676e9e"
"P_51636751","T_7b965a78"
"P_1e85c7d3","T_d46a3928"
"P_1e85c7d3","T_3aee4b0a"
"P_1e85c7d3","T_0c070c59"
"P_1e85c7d3","T_4ac4921f"
"P_1e85c7d3","T_e8706a28"
"P_1e85c7d3","T_09617f81"
"P_1e85c7d3","T_7e676e9e"
"P_5a5d4db4","T_3aee4b0a"
"P_5a5d4db4","T_95687afb"
"P_5a5d4db4","T_4ac4921f"
"P_5a5d4db4","T_09617f81"
"P_5a5d4db4","T_7e676e9e"
"P_451a25f1","T_95687afb"
"P_451a25f1","T_09617f81"
"P_451a25f1","T_5f3490a2"
"P_38d4ad80","T_d46a3928"
"P_38d4ad80","T_7f8620e7"
"P_38d4ad80","T_09617f81"
"P_2f0751d8","T_7f8620e7"
"P_2f0751d8","T_b6fa1536"
"P_2f0751d8","T_7e676e9e"
"P_89fff31d","T_ac1ed416"
"P_89fff31d","T_95687afb"
"P_89fff31d","T_9cfa7aef"
"P_89fff31d","T_7e676e9e"
"P_b89e0dbb","T_7f8620e7"
"P_b89e0dbb","T_3aee4b0a"
"P_b89e0dbb","T_09617f81"
"P_b89e0dbb","T_b6fa1536"
"P_b89e0dbb","T_7e676e9e"
"P_3a8eb232","T_7f8620e7"
"P_3a8eb232","T_3aee4b0a"
"P_3a8eb232","T_e8706a28"
"P_3a8eb232","T_09617f81"
"P_3a8eb232","T_b6fa1536"
"P_3a8eb232","T_fe88c03a"
"P_3a8eb232","T_2d5563ed"
"P_3a8eb232","T_5f3490a2"
"P_95fb8596","T_9c810920"
"P_95fb8596","T_7e676e9e"
"P_95fb8596","T_d30d7060"
"P_95fb8596","T_5f3490a2"
"P_a7e376c8","T_7f8620e7"
"P_a7e376c8","T_09617f81"
"P_a7e376c8","T_b6fa1536"
"P_a7e376c8","T_7e676e9e"
"P_693a2c68","T_09617f81"
"P_693a2c68","T_b6fa1536"
"P_693a2c68","T_7e676e9e"
"P_693a2c68","T_7b965a78"
"P_122b175c","T_9c810920"
"P_122b175c","T_7f8620e7"
"P_122b175c","T_fe88c03a"
"P_122b175c","T_573b5cfb"
"P_a245557a","T_3aee4b0a"
"P_a245557a","T_0c070c59"
"P_a245557a","T_95687afb"
"P_a245557a","T_09617f81"
"P_a245557a","T_b6fa1536"
"P_a245557a","T_7e676e9e"
"P_a245557a","T_d30d7060"
"P_a245557a","T_2d5563ed"
"P_26fdba1c","T_9c810920"
"P_26fdba1c","T_3aee4b0a"
"P_26fdba1c","T_0c070c59"
"P_26fdba1c","T_95687afb"
"P_26fdba1c","T_4ac4921f"
"P_26fdba1c","T_09617f81"
"P_26fdba1c","T_b6fa1536"
"P_26fdba1c","T_5f3490a2"
"P_9b9b2c58","T_7f8620e7"
"P_9b9b2c58","T_7e676e9e"
"P_9b9b2c58","T_7b965a78"
"P_9b33288d","T_d46a3928"
"P_9b33288d","T_09617f81"
"P_9b33288d","T_d30d7060"
"P_36fa70ea","T_7f8620e7"
"P_36fa70ea","T_95687afb"
"P_36fa70ea","T_09617f81"
"P_36fa70ea","T_7e676e9e"
"P_9d4227f3","T_ac1ed416"
"P_9d4227f3","T_7e676e9e"
"P_8d856631","T_ac1ed416"
"P_8d856631","T_09617f81"
"P_8d856631","T_7e676e9e"
"P_43f84bdc","T_9c810920"
"P_43f84bdc","T_3aee4b0a"
"P_43f84bdc","T_95687afb"
"P_43f84bdc","T_09617f81"
"P_43f84bdc","T_b6fa1536"
"P_43f84bdc","T_5f3490a2"
"P_2406beb1","T_ac1ed416"
"P_2406beb1","T_3aee4b0a"
"P_2406beb1","T_95687afb"
"P_2406beb1","T_09617f81"
"P_2406beb1","T_b6fa1536"
"P_2406beb1","T_7e676e9e"
"P_ee27b4bf","T_3aee4b0a"
"P_ee27b4bf","T_b6fa1536"
"P_ee27b4bf","T_d30d7060"
"P_2b8f777f","T_d46a3928"
"P_2b8f777f","T_9cfa7aef"
"P_2b8f777f","T_09617f81"
"P_32fea06f","T_ac1ed416"
"P_32fea06f","T_7f8620e7"
"P_32fea06f","T_9cfa7aef"
"P_32fea06f","T_7e676e9e"
"P_fe61bffd","T_7f8620e7"
"P_fe61bffd","T_09617f81"
"P_fe61bffd","T_7e676e9e"
"P_fe61bffd","T_d30d7060"
"P_e1947d4c","T_0db2dd94"
"P_e1947d4c","T_e8706a28"
"P_e1947d4c","T_09617f81"
"P_f7f8dc02","T_848b8f26"
"P_f7f8dc02","T_d46a3928"
"P_f7f8dc02","T_ac1ed416"
"P_f7f8dc02","T_95687afb"
"P_172cfa4a","T_3aee4b0a"
"P_172cfa4a","T_95687afb"
"P_88a12c2e","T_7f8620e7"
"P_88a12c2e","T_e8706a28"
"P_88a12c2e","T_09617f81"
"P_10fa6072","T_d46a3928"
"P_10fa6072","T_7f8620e7"
"P_10fa6072","T_7e676e9e"
"P_10fa6072","T_7b965a78"
"P_77361bf1","T_7f8620e7"
"P_77361bf1","T_3aee4b0a"
"P_77361bf1","T_0c070c59"
"P_77361bf1","T_4ac4921f"
"P_77361bf1","T_e8706a28"
"P_77361bf1","T_09617f81"
"P_77361bf1","T_2d5563ed"
"P_ee506c52","T_9c810920"
"P_ee506c52","T_3aee4b0a"
"P_ee506c52","T_95687afb"
"P_ee506c52","T_09617f81"
"P_f14fa349","T_7f8620e7"
"P_f14fa349","T_9cfa7aef"
"P_f14fa349","T_8bcf6629"
"P_b21d6c5a","T_09617f81"
"P_b21d6c5a","T_7e676e9e"
"P_b93286f1","T_848b8f26"
"P_b93286f1","T_d46a3928"
"P_b93286f1","T_95687afb"
"P_b93286f1","T_b6fa1536"
"P_bf4c033e","T_ac1ed416"
"P_bf4c033e","T_0c070c59"
"P_bf4c033e","T_95687afb"
"P_bf4c033e","T_9cfa7aef"
"P_bf4c033e","T_09617f81"
"P_bf4c033e","T_7e676e9e"
"P_bf4c033e","T_573b5cfb"
"P_bf4c033e","T_2d5563ed"
"P_dd515af6","T_7f8620e7"
"P_dd515af6","T_3aee4b0a"
"P_dd515af6","T_95687afb"
"P_dd515af6","T_e8706a28"
"P_dd515af6","T_09617f81"
"P_dd515af6","T_b6fa1536"
"P_dd515af6","T_411ba940"
"P_e3d7198a","T_9c810920"
"P_e3d7198a","T_95687afb"
"P_e3d7198a","T_09617f81"
"P_e3d7198a","T_5f3490a2"
"P_0ecca662","T_9c810920"
"P_0ecca662","T_b6fa1536"
"P_0ecca662","T_7e676e9e"
"P_b50f0771","T_d46a3928"
"P_b50f0771","T_b6fa1536"
"P_b50f0771","T_7e676e9e"
"P_5c49707c","T_848b8f26"
"P_5c49707c","T_95687afb"
"P_5c49707c","T_7e676e9e"
"P_9b46ff8c","T_848b8f26"
"P_9b46ff8c","T_d46a3928"
"P_9b46ff8c","T_9cfa7aef"
"P_9b46ff8c","T_7e676e9e"
"P_7d13cce5","T_9c810920"
"P_7d13cce5","T_3aee4b0a"
"P_7d13cce5","T_95687afb"
"P_7d13cce5","T_09617f81"
"P_7d13cce5","T_b6fa1536"
"P_7d13cce5","T_5f3490a2"
"P_f4eb8d89","T_9c810920"
"P_f4eb8d89","T_95687afb"
"P_f4eb8d89","T_e8706a28"
"P_f4eb8d89","T_09617f81"
"P_f4eb8d89","T_b6fa1536"
"P_f4eb8d89","T_5f3490a2"
"P_6a24f317","T_d46a3928"
"P_6a24f317","T_3aee4b0a"
"P_6a24f317","T_0c070c59"
"P_6a24f317","T_95687afb"
"P_6a24f317","T_e8706a28"
"P_6a24f317","T_09617f81"
"P_d8846a31","T_d46a3928"
"P_d8846a31","T_09617f81"
"P_909b2b2f","T_ed7daeb1"
"P_909b2b2f","T_b6fa1536"
"P_909b2b2f","T_7e676e9e"
"P_228a3c1c","T_3aee4b0a"
"P_228a3c1c","T_0c070c59"
"P_228a3c1c","T_47c4ef35"
"P_228a3c1c","T_95687afb"
"P_228a3c1c","T_b6fa1536"
"P_228a3c1c","T_2d5563ed"
"P_64b08d0c","T_848b8f26"
"P_64b08d0c","T_0c070c59"
"P_64b08d0c","T_0db2dd94"
"P_64b08d0c","T_99f3b498"
"P_64b08d0c","T_e8706a28"
"P_d304d8b6","T_9c810920"
"P_d304d8b6","T_3aee4b0a"
"P_d304d8b6","T_95687afb"
"P_d304d8b6","T_b6fa1536"
"P_d304d8b6","T_7e676e9e"
"P_6dd5b547","T_9c810920"
"P_6dd5b547","T_d46a3928"
"P_6dd5b547","T_7f8620e7"
"P_6dd5b547","T_3aee4b0a"
"P_6dd5b547","T_09617f81"
"P_6dd5b547","T_b6fa1536"
"P_247b9562","T_9c810920"
"P_247b9562","T_d46a3928"
"P_247b9562","T_7f8620e7"
"P_247b9562","T_09617f81"
"P_7d48288c","T_7f8620e7"
"P_7d48288c","T_ed7daeb1"
"P_7d48288c","T_09617f81"
"P_7d48288c","T_7e676e9e"
"P_609c9776","T_3aee4b0a"
"P_609c9776","T_0db2dd94"
"P_3b2f4a75","T_7f8620e7"
"P_3b2f4a75","T_0c070c59"
"P_3b2f4a75","T_95687afb"
"P_3b2f4a75","T_e8706a28"
"P_3b2f4a75","T_09617f81"
"P_3b2f4a75","T_2d5563ed"
"P_ad112a93","T_ac1ed416"
"P_ad112a93","T_95687afb"
"P_ad112a93","T_9473db81"
"P_ad112a93","T_09617f81"
"P_ad112a93","T_7e676e9e"
"P_d2fcf7a9","T_d46a3928"
"P_d2fcf7a9","T_3aee4b0a"
"P_d2fcf7a9","T_95687afb"
"P_d2fcf7a9","T_b6fa1536"
"P_d2fcf7a9","T_7e676e9e"
"P_d2fcf7a9","T_5f3490a2"
"P_a9480a8b","T_9c810920"
"P_a9480a8b","T_d46a3928"
"P_a9480a8b","T_09617f81"
"P_a9480a8b","T_b6fa1536"
"P_a9480a8b","T_d30d7060"
"P_a9480a8b","T_5f3490a2"
"P_28e5608b","T_ac1ed416"
"P_28e5608b","T_95687afb"
"P_28e5608b","T_7e676e9e"
"P_9906ee98","T_9c810920"
"P_9906ee98","T_09617f81"
"P_9906ee98","T_8bcf6629"
"P_9906ee98","T_5f3490a2"
"P_1cd963c1","T_9c810920"
"P_1cd963c1","T_7f8620e7"
"P_1cd963c1","T_d30d7060"
"P_cce71843","T_09617f81"
"P_cce71843","T_7e676e9e"
"P_d95555b0","T_3aee4b0a"
"P_d95555b0","T_09617f81"
"P_d95555b0","T_7e676e9e"
"P_d95555b0","T_25b24abe"
"P_efee0e66","T_95687afb"
"P_efee0e66","T_09617f81"
"P_efee0e66","T_2d5563ed"
"P_828e60e9","T_d46a3928"
"P_828e60e9","T_95687afb"
"P_828e60e9","T_09617f81"
"P_828e60e9","T_7e676e9e"
"P_828e60e9","T_573b5cfb"
"P_bf17062d","T_7f8620e7"
"P_bf17062d","T_0c070c59"
"P_bf17062d","T_e8706a28"
"P_bf17062d","T_09617f81"
"P_bf17062d","T_72a40ac7"
"P_bf17062d","T_b6fa1536"
"P_bf17062d","T_8bcf6629"
"P_a4d88c44","T_9c810920"
"P_a4d88c44","T_95687afb"
"P_a4d88c44","T_e8706a28"
"P_a4d88c44","T_feaae678"
"P_b66fb533","T_7f8620e7"
"P_b66fb533","T_09617f81"
"P_b66fb533","T_7e676e9e"
"P_b66fb533","T_d30d7060"
"P_997ad6be","T_9c810920"
"P_997ad6be","T_ac1ed416"
"P_997ad6be","T_3aee4b0a"
"P_997ad6be","T_4ac4921f"
"P_997ad6be","T_e8706a28"
"P_b95a36ef","T_39434a1c"
"P_b95a36ef","T_9c810920"
"P_b95a36ef","T_ac1ed416"
"P_b95a36ef","T_7f8620e7"
"P_b95a36ef","T_0c070c59"
"P_b95a36ef","T_4ac4921f"
"P_b95a36ef","T_e8706a28"
"P_2bb653ed","T_7f8620e7"
"P_2bb653ed","T_95687afb"
"P_2bb653ed","T_fe88c03a"
"P_c043e879","T_9c810920"
"P_c043e879","T_d46a3928"
"P_c043e879","T_7f8620e7"
"P_c043e879","T_b6fa1536"
"P_c043e879","T_fe88c03a"
"P_47743d06","T_95687afb"
"P_47743d06","T_b6fa1536"
"P_290e5d98","T_9c810920"
"P_290e5d98","T_09617f81"
"P_290e5d98","T_7e676e9e"
"P_5297d218","T_7f8620e7"
"P_5297d218","T_09617f81"
"P_5297d218","T_b6fa1536"
"P_5297d218","T_7e676e9e"
"P_b31e4293","T_3aee4b0a"
"P_b31e4293","T_0c070c59"
"P_b31e4293","T_95687afb"
"P_b31e4293","T_4ac4921f"
"P_b31e4293","T_e8706a28"
"P_b31e4293","T_09617f81"
"P_b31e4293","T_7e676e9e"
"P_b31e4293","T_2d5563ed"
"P_25d67494","T_3aee4b0a"
"P_25d67494","T_95687afb"
"P_25d67494","T_4ac4921f"
"P_25d67494","T_e8706a28"
"P_25d67494","T_7e676e9e"
"P_25d67494","T_2d5563ed"
"P_bcbf3905","T_d46a3928"
"P_bcbf3905","T_3aee4b0a"
"P_bcbf3905","T_0c070c59"
"P_bcbf3905","T_95687afb"
"P_bcbf3905","T_4ac4921f"
"P_bcbf3905","T_9473db81"
"P_bcbf3905","T_e8706a28"
"P_bcbf3905","T_09617f81"
"P_bcbf3905","T_b6fa1536"
"P_bcbf3905","T_7e676e9e"
"P_bcbf3905","T_2d5563ed"
"P_adbc8266","T_95687afb"
"P_adbc8266","T_09617f81"
"P_adbc8266","T_b6fa1536"
"P_2588b33d","T_7f8620e7"
"P_2588b33d","T_3aee4b0a"
"P_2588b33d","T_09617f81"
"P_2588b33d","T_b6fa1536"
"P_2588b33d","T_d30d7060"
"P_cb5ae0ee","T_7f8620e7"
"P_cb5ae0ee","T_09617f81"
"P_264a06c3","T_d46a3928"
"P_264a06c3","T_09617f81"
"P_264a06c3","T_7e676e9e"
"P_264a06c3","T_7b965a78"
"P_fdbafc36","T_3aee4b0a"
"P_fdbafc36","T_09617f81"
"P_fdbafc36","T_7e676e9e"
"P_fdbafc36","T_d30d7060"
"P_78f4142b","T_95687afb"
"P_78f4142b","T_7e676e9e"
"P_78f4142b","T_7b965a78"
"P_589c6891","T_848b8f26"
"P_589c6891","T_95687afb"
"P_589c6891","T_7e676e9e"
"P_589c6891","T_573b5cfb"
"P_da2c35f6","T_d46a3928"
"P_da2c35f6","T_95687afb"
"P_da2c35f6","T_4ac4921f"
"P_da2c35f6","T_e8706a28"
"P_da2c35f6","T_7e676e9e"
"P_da2c35f6","T_2d5563ed"
"P_d732caac","T_848b8f26"
"P_d732caac","T_72a40ac7"
"P_d732caac","T_b6fa1536"
"P_d732caac","T_7e676e9e"
"P_d732caac","T_70ec15bf"
"P_d732caac","T_411ba940"
"P_6d5e65bc","T_9c810920"
"P_6d5e65bc","T_7e676e9e"
"P_2c931193","T_848b8f26"
"P_2c931193","T_d46a3928"
"P_2c931193","T_09617f81"
"P_2c931193","T_7e676e9e"
"P_2c931193","T_7b965a78"
"P_7bd18ffd","T_b6fa1536"
"P_7bd18ffd","T_7e676e9e"
"P_865314ab","T_d46a3928"
"P_865314ab","T_95687afb"
"P_865314ab","T_09617f81"
"P_7f3d6d47","T_95687afb"
"P_7f3d6d47","T_09617f81"
"P_7f3d6d47","T_7e676e9e"
"P_61313d7a","T_95687afb"
"P_61313d7a","T_09617f81"
"P_61313d7a","T_7e676e9e"
"P_ab769d45","T_ac1ed416"
"P_ab769d45","T_95687afb"
"P_ab769d45","T_09617f81"
"P_ab769d45","T_7e676e9e"
"P_96128334","T_9c810920"
"P_96128334","T_3aee4b0a"
"P_96128334","T_47c4ef35"
"P_96128334","T_4ac4921f"
"P_96128334","T_09617f81"
"P_96128334","T_7e676e9e"
"P_96128334","T_d30d7060"
"P_c44c73be","T_9c810920"
"P_c44c73be","T_3aee4b0a"
"P_c44c73be","T_47c4ef35"
"P_c44c73be","T_4ac4921f"
"P_c44c73be","T_09617f81"
"P_c44c73be","T_7e676e9e"
"P_c44c73be","T_d30d7060"
"P_5a214634","T_3aee4b0a"
"P_5a214634","T_95687afb"
"P_5a214634","T_4ac4921f"
"P_5a214634","T_09617f81"
"P_5a214634","T_b6fa1536"
"P_5a214634","T_25b24abe"
"P_5a214634","T_d30d7060"
"P_5c5c5f04","T_d46a3928"
"P_5c5c5f04","T_0c070c59"
"P_5c5c5f04","T_09617f81"
"P_5c5c5f04","T_d30d7060"
"P_5c5c5f04","T_2d5563ed"
"P_454437c6","T_9c810920"
"P_454437c6","T_3aee4b0a"
"P_454437c6","T_95687afb"
"P_454437c6","T_09617f81"
"P_454437c6","T_b6fa1536"
"P_454437c6","T_5f3490a2"
"P_2e0ffad4","T_39434a1c"
"P_2e0ffad4","T_d46a3928"
"P_2e0ffad4","T_09617f81"
"P_2e0ffad4","T_b6fa1536"
"P_2e0ffad4","T_7e676e9e"
"P_817d8d3a","T_3aee4b0a"
"P_817d8d3a","T_47c4ef35"
"P_817d8d3a","T_09617f81"
"P_817d8d3a","T_72a40ac7"
"P_84a89acf","T_d46a3928"
"P_84a89acf","T_3aee4b0a"
"P_84a89acf","T_09617f81"
"P_84a89acf","T_b6fa1536"
"P_3699e099","T_0c070c59"
"P_3699e099","T_95687afb"
"P_3699e099","T_09617f81"
"P_3699e099","T_2d5563ed"
"P_0e91b3b0","T_0c070c59"
"P_0e91b3b0","T_e8706a28"
"P_0e91b3b0","T_feaae678"
"P_9edf5c78","T_d46a3928"
"P_9edf5c78","T_3aee4b0a"
"P_9edf5c78","T_09617f81"
"P_9edf5c78","T_d30d7060"
"P_3a19f412","T_9c810920"
"P_3a19f412","T_09617f81"
"P_3a19f412","T_7e676e9e"
"P_0c9c7727","T_7e676e9e"
"P_1ef4781d","T_09617f81"
"P_1ef4781d","T_b6fa1536"
"P_bc4368eb","T_9c810920"
"P_bc4368eb","T_3aee4b0a"
"P_bc4368eb","T_2d5563ed"
"P_a01faead","T_9c810920"
"P_a01faead","T_d46a3928"
"P_a01faead","T_3aee4b0a"
"P_a01faead","T_95687afb"
"P_a01faead","T_9cfa7aef"
"P_a01faead","T_09617f81"
"P_a01faead","T_b6fa1536"
"P_a01faead","T_2d5563ed"
"P_0625eca8","T_d46a3928"
"P_0625eca8","T_95687afb"
"P_0625eca8","T_09617f81"
"P_0625eca8","T_7e676e9e"
"P_0625eca8","T_7b965a78"
"P_e9888a76","T_9c810920"
"P_e9888a76","T_09617f81"
"P_8066f65c","T_7f8620e7"
"P_8066f65c","T_fe88c03a"
"P_8066f65c","T_8bcf6629"
"P_b5c06be9","T_7f8620e7"
"P_b5c06be9","T_09617f81"
"P_b5c06be9","T_7e676e9e"
"P_47d3c40d","T_7f8620e7"
"P_47d3c40d","T_7e676e9e"
"P_1937475c","T_72a40ac7"
"P_1937475c","T_737e9f3e"
"P_1937475c","T_8bcf6629"
"P_1937475c","T_5f3490a2"
"P_826720ad","T_d46a3928"
"P_826720ad","T_8bcf6629"
"P_0ccbb994","T_d46a3928"
"P_0ccbb994","T_b6fa1536"
"P_0ccbb994","T_7e676e9e"
"P_e4b68348","T_d46a3928"
"P_e4b68348","T_b6fa1536"
"P_e4b68348","T_7e676e9e"
"P_9d83b6f2","T_3aee4b0a"
"P_9d83b6f2","T_95687afb"
"P_9d83b6f2","T_b6fa1536"
"P_95c96848","T_9c810920"
"P_95c96848","T_3aee4b0a"
"P_95c96848","T_95687afb"
"P_66b08fc3","T_9c810920"
"P_66b08fc3","T_3aee4b0a"
"P_66b08fc3","T_5f3490a2"
"P_f170bd54","T_848b8f26"
"P_f170bd54","T_3aee4b0a"
"P_f170bd54","T_0db2dd94"
"P_f170bd54","T_7e676e9e"
"P_3eedb745","T_9c810920"
"P_3eedb745","T_7e676e9e"
"P_3eedb745","T_411ba940"
"P_7a8b2b89","T_ed7daeb1"
"P_7a8b2b89","T_7e676e9e"
"P_0865fbbd","T_b6fa1536"
"P_0865fbbd","T_7e676e9e"
"P_db12c423","T_d46a3928"
"P_db12c423","T_b6fa1536"
"P_fa3dfcc3","T_d46a3928"
"P_fa3dfcc3","T_7e676e9e"
"P_9833990f","T_9c810920"
"P_9833990f","T_d46a3928"
"P_9833990f","T_09617f81"
"P_9833990f","T_7e676e9e"
"P_9833990f","T_7b965a78"
"P_68a9113e","T_9c810920"
"P_68a9113e","T_09617f81"
"P_68a9113e","T_7e676e9e"
"P_68a9113e","T_7b965a78"
"P_2d469755","T_ac1ed416"
"P_2d469755","T_7e676e9e"
"P_2d469755","T_7b965a78"
"P_0e947cdf","T_d46a3928"
"P_0e947cdf","T_3aee4b0a"
"P_0e947cdf","T_95687afb"
"P_0e947cdf","T_09617f81"
"P_0e947cdf","T_b6fa1536"
"P_0e947cdf","T_8bcf6629"
"P_3d7a8e5a","T_95687afb"
"P_3d7a8e5a","T_4ac4921f"
"P_3d7a8e5a","T_e8706a28"
"P_3d7a8e5a","T_7e676e9e"
"P_8d8063fe","T_9c810920"
"P_8d8063fe","T_d46a3928"
"P_8d8063fe","T_7e676e9e"
"P_213002a1","T_d46a3928"
"P_213002a1","T_7e676e9e"
"P_213002a1","T_8bcf6629"
"P_c5383e4b","T_d46a3928"
"P_c5383e4b","T_7f8620e7"
"P_c5383e4b","T_09617f81"
"P_c5383e4b","T_7e676e9e"
"P_2c5145e4","T_7e676e9e"
"P_2c5145e4","T_7b965a78"
"P_8fdb3fc8","T_3aee4b0a"
"P_8fdb3fc8","T_09617f81"
"P_a5bed3b7","T_09617f81"
"P_a5bed3b7","T_7e676e9e"
"P_a5bed3b7","T_7b965a78"
"P_02187c2b","T_d46a3928"
"P_02187c2b","T_ac1ed416"
"P_02187c2b","T_7f8620e7"
"P_02187c2b","T_e8706a28"
"P_02187c2b","T_b6fa1536"
"P_c7ac96f9","T_d46a3928"
"P_c7ac96f9","T_3aee4b0a"
"P_c7ac96f9","T_0c070c59"
"P_c7ac96f9","T_2d5563ed"
"P_beb35172","T_3aee4b0a"
"P_beb35172","T_09617f81"
"P_beb35172","T_b6fa1536"
"P_beb35172","T_7e676e9e"
"P_b2068e2b","T_3aee4b0a"
"P_b2068e2b","T_47c4ef35"
"P_b2068e2b","T_7e676e9e"
"P_b2068e2b","T_7b965a78"
"P_b2068e2b","T_5f3490a2"
"P_5d3acd2b","T_d46a3928"
"P_5d3acd2b","T_3aee4b0a"
"P_5d3acd2b","T_0c070c59"
"P_5d3acd2b","T_4ac4921f"
"P_5d3acd2b","T_7e676e9e"
"P_5d3acd2b","T_2d5563ed"
"P_5a4047c5","T_7f8620e7"
"P_5a4047c5","T_0c070c59"
"P_5a4047c5","T_9cfa7aef"
"P_5a4047c5","T_e8706a28"
"P_5a4047c5","T_09617f81"
"P_5a4047c5","T_2d5563ed"
"P_0b1fafe6","T_3aee4b0a"
"P_0b1fafe6","T_95687afb"
"P_0b1fafe6","T_9cfa7aef"
"P_0b1fafe6","T_09617f81"
"P_0b1fafe6","T_b6fa1536"
"P_467cb314","T_95687afb"
"P_467cb314","T_9cfa7aef"
"P_467cb314","T_09617f81"
"P_467cb314","T_b6fa1536"
"P_d8029283","T_9c810920"
"P_d8029283","T_d46a3928"
"P_d8029283","T_3aee4b0a"
"P_d8029283","T_47c4ef35"
"P_d8029283","T_b6fa1536"
"P_d8029283","T_7b965a78"
"P_68ce3111","T_95687afb"
"P_68ce3111","T_b6fa1536"
"P_68ce3111","T_8bcf6629"
"P_c524e1c9","T_9c810920"
"P_c524e1c9","T_09617f81"
"P_c524e1c9","T_7e676e9e"
"P_c524e1c9","T_d30d7060"
"P_3e492ae1","T_09617f81"
"P_3e492ae1","T_7e676e9e"
"P_3e492ae1","T_d30d7060"
"P_a3beb2ad","T_ac1ed416"
"P_a3beb2ad","T_7f8620e7"
"P_a3beb2ad","T_09617f81"
"P_a3beb2ad","T_7e676e9e"
"P_234e3c68","T_3aee4b0a"
"P_234e3c68","T_95687afb"
"P_234e3c68","T_25b24abe"
"P_22ed8405","T_9c810920"
"P_22ed8405","T_d46a3928"
"P_22ed8405","T_3aee4b0a"
"P_22ed8405","T_09617f81"
"P_22ed8405","T_7e676e9e"
"P_e560ec89","T_d46a3928"
"P_e560ec89","T_9cfa7aef"
"P_e560ec89","T_7e676e9e"
"P_e560ec89","T_7b965a78"
"P_f2074cd7","T_9c810920"
"P_f2074cd7","T_d46a3928"
"P_f2074cd7","T_3aee4b0a"
"P_f2074cd7","T_e8706a28"
"P_f2074cd7","T_09617f81"
"P_f2074cd7","T_b6fa1536"
"P_f2074cd7","T_feaae678"
"P_00ce4668","T_9cfa7aef"
"P_00ce4668","T_09617f81"
"P_00ce4668","T_d30d7060"
"P_29d54757","T_d46a3928"
"P_29d54757","T_09617f81"
"P_2b55fccc","T_b6fa1536"
"P_2b55fccc","T_7e676e9e"
"P_535ae504","T_d46a3928"
"P_535ae504","T_3aee4b0a"
"P_535ae504","T_95687afb"
"P_535ae504","T_09617f81"
"P_535ae504","T_7e676e9e"
"P_535ae504","T_573b5cfb"
"P_535ae504","T_5f3490a2"
"P_901ed727","T_d46a3928"
"P_901ed727","T_3aee4b0a"
"P_901ed727","T_47c4ef35"
"P_901ed727","T_95687afb"
"P_901ed727","T_09617f81"
"P_901ed727","T_7e676e9e"
"P_901ed727","T_5f3490a2"
"P_29fad341","T_d46a3928"
"P_29fad341","T_47c4ef35"
"P_29fad341","T_95687afb"
"P_29fad341","T_09617f81"
"P_29fad341","T_7e676e9e"
"P_7607c6d3","T_0c070c59"
"P_7607c6d3","T_95687afb"
"P_7607c6d3","T_e8706a28"
"P_7607c6d3","T_09617f81"
"P_7607c6d3","T_b6fa1536"
"P_7607c6d3","T_7e676e9e"
"P_f33f1a4c","T_09617f81"
"P_f33f1a4c","T_7e676e9e"
"P_4699d335","T_7f8620e7"
"P_4699d335","T_09617f81"
"P_4699d335","T_d30d7060"
"P_4699d335","T_8bcf6629"
"P_23729ada","T_9cfa7aef"
"P_23729ada","T_09617f81"
"P_23729ada","T_d30d7060"
"P_0c93ff3b","T_09617f81"
"P_0c93ff3b","T_8bcf6629"
"P_e6590123","T_09617f81"
"P_0e23334b","T_848b8f26"
"P_0e23334b","T_d46a3928"
"P_0e23334b","T_72a40ac7"
"P_0e23334b","T_6e655b81"
"P_b4e03acc","T_d46a3928"
"P_b4e03acc","T_95687afb"
"P_b4e03acc","T_7e676e9e"
"P_b4e03acc","T_7b965a78"
"P_9b04592d","T_d46a3928"
"P_9b04592d","T_0c070c59"
"P_9b04592d","T_95687afb"
"P_9b04592d","T_7e676e9e"
"P_9b04592d","T_7b965a78"
"P_13b2efb3","T_d46a3928"
"P_13b2efb3","T_3aee4b0a"
"P_13b2efb3","T_95687afb"
"P_89054fd1","T_9c810920"
"P_89054fd1","T_3aee4b0a"
"P_89054fd1","T_0c070c59"
"P_89054fd1","T_e8706a28"
"P_89054fd1","T_72a40ac7"
"P_89054fd1","T_2d5563ed"
"P_dd071de5","T_d46a3928"
"P_dd071de5","T_3aee4b0a"
"P_dd071de5","T_0c070c59"
"P_dd071de5","T_e8706a28"
"P_dd071de5","T_72a40ac7"
"P_dd071de5","T_2d5563ed"
"P_b153b3e9","T_d46a3928"
"P_b153b3e9","T_ed7daeb1"
"P_b153b3e9","T_09617f81"
"P_b153b3e9","T_7e676e9e"
"P_dba653fc","T_7f8620e7"
"P_dba653fc","T_9cfa7aef"
"P_a53b509e","T_7f8620e7"
"P_a53b509e","T_b6fa1536"
"P_a53b509e","T_7e676e9e"
"P_7f8b7c3c","T_ac1ed416"
"P_7f8b7c3c","T_95687afb"
"P_7f8b7c3c","T_2d5563ed"
"P_b873b586","T_ac1ed416"
"P_b873b586","T_95687afb"
"P_b873b586","T_7e676e9e"
"P_b873b586","T_2d5563ed"
"P_e2066d6a","T_d46a3928"
"P_e2066d6a","T_7f8620e7"
"P_e2066d6a","T_3aee4b0a"
"P_e2066d6a","T_09617f81"
"P_e2066d6a","T_b6fa1536"
"P_e4427248","T_9c810920"
"P_e4427248","T_d46a3928"
"P_e4427248","T_0c070c59"
"P_e4427248","T_47c4ef35"
"P_e4427248","T_4ac4921f"
"P_e4427248","T_09617f81"
"P_e4427248","T_fe88c03a"
"P_e4427248","T_2d5563ed"
"P_369279e5","T_7f8620e7"
"P_e66692b8","T_09617f81"
"P_e66692b8","T_b6fa1536"
"P_305148de","T_9c810920"
"P_305148de","T_d46a3928"
"P_305148de","T_3aee4b0a"
"P_305148de","T_b6fa1536"
"P_c0f6bb41","T_9c810920"
"P_c0f6bb41","T_d46a3928"
"P_c0f6bb41","T_e8706a28"
"P_c0f6bb41","T_09617f81"
"P_c0f6bb41","T_feaae678"
"P_68bddf9e","T_95687afb"
"P_68bddf9e","T_09617f81"
"P_68bddf9e","T_b6fa1536"
"P_68bddf9e","T_7e676e9e"
"P_64be9b28","T_ac1ed416"
"P_64be9b28","T_3aee4b0a"
"P_64be9b28","T_09617f81"
"P_64be9b28","T_7e676e9e"
"P_eb57b275","T_09617f81"
"P_eb57b275","T_b6fa1536"
"P_eb57b275","T_5f3490a2"
"P_a4ec1489","T_3aee4b0a"
"P_a4ec1489","T_8bcf6629"
"P_f105cf91","T_5f3490a2"
"P_d0721072","T_b6fa1536"
"P_d0721072","T_7e676e9e"
"P_d0721072","T_8bcf6629"
"P_6c777723","T_9c810920"
"P_6c777723","T_fe88c03a"
"P_6c777723","T_411ba940"
"P_1fe4c335","T_9c810920"
"P_1fe4c335","T_fe88c03a"
"P_145793d3","T_ac1ed416"
"P_145793d3","T_7e676e9e"
"P_7b165501","T_95687afb"
"P_7b165501","T_b6fa1536"
"P_7b165501","T_7e676e9e"
"P_e1f697c5","T_09617f81"
"P_e1f697c5","T_b6fa1536"
"P_e1f697c5","T_8bcf6629"
"P_a1714fcf","T_09617f81"
"P_a1714fcf","T_b6fa1536"
"P_5355d3db","T_d46a3928"
"P_5355d3db","T_7f8620e7"
"P_5355d3db","T_b6fa1536"
"P_9c44f93c","T_b6fa1536"
"P_9c44f93c","T_7e676e9e"
"P_82e88bdf","T_9c810920"
"P_82e88bdf","T_d46a3928"
"P_82e88bdf","T_3aee4b0a"
"P_82e88bdf","T_47c4ef35"
"P_82e88bdf","T_09617f81"
"P_82e88bdf","T_b6fa1536"
"P_bfd98555","T_9c810920"
"P_bfd98555","T_d46a3928"
"P_bfd98555","T_3aee4b0a"
"P_bfd98555","T_47c4ef35"
"P_bfd98555","T_09617f81"
"P_2d5466a7","T_3aee4b0a"
"P_2d5466a7","T_95687afb"
"P_2d5466a7","T_e8706a28"
"P_2d5466a7","T_09617f81"
"P_2d5466a7","T_feaae678"
"P_19856dff","T_9c810920"
"P_19856dff","T_d46a3928"
"P_19856dff","T_7f8620e7"
"P_19856dff","T_09617f81"
"P_19856dff","T_b6fa1536"
"P_ce4688fc","T_7f8620e7"
"P_ce4688fc","T_7e676e9e"
"P_ce4688fc","T_7b965a78"
"P_62b69495","T_7f8620e7"
"P_62b69495","T_b6fa1536"
"P_62b69495","T_7e676e9e"
"P_ae290b85","T_d46a3928"
"P_ae290b85","T_ac1ed416"
"P_ae290b85","T_95687afb"
"P_ae290b85","T_09617f81"
"P_ae290b85","T_7e676e9e"
"P_55abe4f7","T_9c810920"
"P_55abe4f7","T_d46a3928"
"P_55abe4f7","T_3aee4b0a"
"P_55abe4f7","T_47c4ef35"
"P_55abe4f7","T_b6fa1536"
"P_95d090fd","T_9c810920"
"P_95d090fd","T_0c070c59"
"P_95d090fd","T_95687afb"
"P_95d090fd","T_09617f81"
"P_95d090fd","T_2d5563ed"
"P_c4d8c03e","T_7f8620e7"
"P_c4d8c03e","T_3aee4b0a"
"P_c4d8c03e","T_09617f81"
"P_6a7bdfd9","T_7f8620e7"
"P_6a7bdfd9","T_5f3490a2"
"P_0a49722d","T_d46a3928"
"P_0a49722d","T_b6fa1536"
"P_0a49722d","T_8bcf6629"
"P_7b0e6d8f","T_d46a3928"
"P_7b0e6d8f","T_3aee4b0a"
"P_7b0e6d8f","T_e8706a28"
"P_7b0e6d8f","T_09617f81"
"P_7b0e6d8f","T_72a40ac7"
"P_da2c0ec0","T_9c810920"
"P_da2c0ec0","T_09617f81"
"P_da2c0ec0","T_7e676e9e"
"P_33df4133","T_ac1ed416"
"P_33df4133","T_3aee4b0a"
"P_33df4133","T_b6fa1536"
"P_33df4133","T_7e676e9e"
"P_aa6d2f7f","T_9c810920"
"P_aa6d2f7f","T_d46a3928"
"P_aa6d2f7f","T_ac1ed416"
"P_aa6d2f7f","T_7e676e9e"
"P_aa6d2f7f","T_7b965a78"
"P_b1128bcc","T_95687afb"
"P_b1128bcc","T_09617f81"
"P_b1128bcc","T_d30d7060"
"P_b1128bcc","T_8bcf6629"
"P_17e3589b","T_09617f81"
"P_17e3589b","T_b6fa1536"
"P_98195b99","T_9c810920"
"P_98195b99","T_7e676e9e"
"P_98195b99","T_411ba940"
"P_11096cf8","T_3aee4b0a"
"P_11096cf8","T_95687afb"
"P_11096cf8","T_25b24abe"
"P_11096cf8","T_5f3490a2"
"P_8023c594","T_39434a1c"
"P_8023c594","T_3aee4b0a"
"P_8023c594","T_95687afb"
"P_8023c594","T_25b24abe"
"P_8023c594","T_5f3490a2"
"P_bf9814ae","T_848b8f26"
"P_bf9814ae","T_d46a3928"
"P_bf9814ae","T_95687afb"
"P_bf9814ae","T_8bcf6629"
"P_016a8a50","T_d46a3928"
"P_016a8a50","T_7f8620e7"
"P_016a8a50","T_09617f81"
"P_016a8a50","T_b6fa1536"
"P_016a8a50","T_7e676e9e"
"P_016a8a50","T_7b965a78"
"P_56dee69c","T_9c810920"
"P_56dee69c","T_3aee4b0a"
"P_56dee69c","T_09617f81"
"P_56dee69c","T_7e676e9e"
"P_56dee69c","T_d30d7060"
"P_56dee69c","T_5f3490a2"
"P_2cff826c","T_9c810920"
"P_2cff826c","T_d46a3928"
"P_2cff826c","T_09617f81"
"P_2cff826c","T_d30d7060"
"P_2cff826c","T_5f3490a2"
"P_798f642b","T_d46a3928"
"P_798f642b","T_09617f81"
"P_798f642b","T_b6fa1536"
"P_798f642b","T_7e676e9e"
"P_1e42f218","T_ac1ed416"
"P_1e42f218","T_7f8620e7"
"P_1e42f218","T_9cfa7aef"
"P_1e42f218","T_09617f81"
"P_1e42f218","T_72a40ac7"
"P_1e42f218","T_fe88c03a"
"P_1e42f218","T_7e676e9e"
"P_1e42f218","T_7b965a78"
"P_1e42f218","T_8bcf6629"
"P_d0a088b7","T_848b8f26"
"P_d0a088b7","T_d46a3928"
"P_d0a088b7","T_95687afb"
"P_d0a088b7","T_e8706a28"
"P_d0a088b7","T_7e676e9e"
"P_d0fef434","T_7f8620e7"
"P_d0fef434","T_0c070c59"
"P_d0fef434","T_e8706a28"
"P_d0fef434","T_2d5563ed"
"P_d1de0274","T_848b8f26"
"P_d1de0274","T_09617f81"
"P_d1de0274","T_7e676e9e"
"P_d1de0274","T_2d5563ed"
"P_0cc92818","T_7f8620e7"
"P_0cc92818","T_4ac4921f"
"P_0cc92818","T_e8706a28"
"P_0cc92818","T_09617f81"
"P_0cc92818","T_7e676e9e"
"P_0cc92818","T_7b965a78"
"P_0cc92818","T_2d5563ed"
"P_d402b664","T_9c810920"
"P_d402b664","T_95687afb"
"P_d402b664","T_5f3490a2"
"P_dbfae868","T_848b8f26"
"P_dbfae868","T_7f8620e7"
"P_dbfae868","T_09617f81"
"P_dbfae868","T_7e676e9e"
"P_f9c92812","T_7f8620e7"
"P_f9c92812","T_09617f81"
"P_f9c92812","T_b6fa1536"
"P_2934a50e","T_e83775f8"
"P_2934a50e","T_7e676e9e"
"P_2934a50e","T_7b965a78"
"P_5f23f194","T_d46a3928"
"P_5f23f194","T_e83775f8"
"P_5f23f194","T_7f8620e7"
"P_5f23f194","T_7e676e9e"
"P_5f23f194","T_7b965a78"
"P_eb302e44","T_848b8f26"
"P_eb302e44","T_7f8620e7"
"P_eb302e44","T_95687afb"
"P_eb302e44","T_b6fa1536"
"P_8e03b16e","T_9c810920"
"P_8e03b16e","T_95687afb"
"P_8e03b16e","T_09617f81"
"P_4b986053","T_b6fa1536"
"P_4b986053","T_7e676e9e"
"P_984e69d2","T_7f8620e7"
"P_984e69d2","T_09617f81"
"P_f47aec9c","T_09617f81"
"P_f47aec9c","T_b6fa1536"
"P_f3b18c3e","T_ac1ed416"
"P_f3b18c3e","T_95687afb"
"P_f3b18c3e","T_7e676e9e"
"P_c31f6a71","T_d46a3928"
"P_c31f6a71","T_95687afb"
"P_c31f6a71","T_09617f81"
"P_c31f6a71","T_7b965a78"
"P_c31f6a71","T_5f3490a2"
"P_8e0daef6","T_d46a3928"
"P_8e0daef6","T_7f8620e7"
"P_8e0daef6","T_b6fa1536"
"P_8e0daef6","T_7e676e9e"
"P_8e0daef6","T_8bcf6629"
"P_3352014a","T_95687afb"
"P_3352014a","T_09617f81"
"P_3352014a","T_b6fa1536"
"P_f7f83288","T_7f8620e7"
"P_f7f83288","T_7e676e9e"
"P_a633c0dd","T_09617f81"
"P_a633c0dd","T_7e676e9e"
"P_a633c0dd","T_d30d7060"
"P_20fa7359","T_d46a3928"
"P_20fa7359","T_7f8620e7"
"P_20fa7359","T_09617f81"
"P_20fa7359","T_7e676e9e"
"P_20fa7359","T_d30d7060"
"P_303743f6","T_7f8620e7"
"P_303743f6","T_9cfa7aef"
"P_303743f6","T_99f3b498"
"P_303743f6","T_09617f81"
"P_303743f6","T_fe88c03a"
"P_1d61faa8","T_848b8f26"
"P_1d61faa8","T_95687afb"
"P_1d61faa8","T_9473db81"
"P_1d61faa8","T_9cfa7aef"
"P_1d61faa8","T_7e676e9e"
"P_1d61faa8","T_7b965a78"
"P_4d56a907","T_7f8620e7"
"P_4d56a907","T_09617f81"
"P_4d56a907","T_b6fa1536"
"P_d9ce0d73","T_d46a3928"
"P_d9ce0d73","T_09617f81"
"P_d9ce0d73","T_b6fa1536"
"P_d9ce0d73","T_7e676e9e"
"P_d9ce0d73","T_d30d7060"
"P_1e954abc","T_7f8620e7"
"P_1e954abc","T_0c070c59"
"P_1e954abc","T_9cfa7aef"
"P_1e954abc","T_e8706a28"
"P_1e954abc","T_09617f81"
"P_1e954abc","T_fe88c03a"
"P_684027b1","T_848b8f26"
"P_684027b1","T_7f8620e7"
"P_684027b1","T_e8706a28"
"P_684027b1","T_09617f81"
"P_684027b1","T_7e676e9e"
"P_684027b1","T_7b965a78"
"P_098a8df6","T_7f8620e7"
"P_098a8df6","T_09617f81"
"P_098a8df6","T_7e676e9e"
"P_5ac8125c","T_848b8f26"
"P_5ac8125c","T_7f8620e7"
"P_5ac8125c","T_09617f81"
"P_b92d2411","T_09617f81"
"P_b92d2411","T_b6fa1536"
"P_6c317dd9","T_d46a3928"
"P_6c317dd9","T_3aee4b0a"
"P_6c317dd9","T_47c4ef35"
"P_6c317dd9","T_95687afb"
"P_6c317dd9","T_09617f81"
"P_6c317dd9","T_5f3490a2"
"P_e6a806e4","T_9c810920"
"P_e6a806e4","T_3aee4b0a"
"P_e6a806e4","T_0c070c59"
"P_e6a806e4","T_47c4ef35"
"P_e6a806e4","T_fe88c03a"
"P_e6a806e4","T_2d5563ed"
"P_2fb5b855","T_9c810920"
"P_2fb5b855","T_3aee4b0a"
"P_2fb5b855","T_0c070c59"
"P_2fb5b855","T_fe88c03a"
"P_2fb5b855","T_2d5563ed"
"P_c51f6db8","T_848b8f26"
"P_c51f6db8","T_d46a3928"
"P_c51f6db8","T_95687afb"
"P_c51f6db8","T_09617f81"
"P_c51f6db8","T_b6fa1536"
"P_bad0cec8","T_d46a3928"
"P_bad0cec8","T_09617f81"
"P_bad0cec8","T_7e676e9e"
"P_1fab331f","T_7f8620e7"
"P_1fab331f","T_09617f81"
"P_48b1ac5a","T_d46a3928"
"P_48b1ac5a","T_9cfa7aef"
"P_48b1ac5a","T_09617f81"
"P_48b1ac5a","T_d30d7060"
"P_6acd6857","T_0c070c59"
"P_6acd6857","T_47c4ef35"
"P_6acd6857","T_e8706a28"
"P_bcd86937","T_ac1ed416"
"P_bcd86937","T_95687afb"
"P_bcd86937","T_7e676e9e"
"P_c3c1ecf4","T_d46a3928"
"P_c3c1ecf4","T_3aee4b0a"
"P_c3c1ecf4","T_95687afb"
"P_c3c1ecf4","T_09617f81"
"P_c3c1ecf4","T_7e676e9e"
"P_c3c1ecf4","T_d30d7060"
"P_c3c1ecf4","T_5f3490a2"
"P_13a1e4f7","T_09617f81"
"P_13a1e4f7","T_7e676e9e"
"P_88fbc860","T_d46a3928"
"P_88fbc860","T_09617f81"
"P_88fbc860","T_8bcf6629"
"P_2cc79f35","T_b6fa1536"
"P_493e2fa8","T_ac1ed416"
"P_493e2fa8","T_95687afb"
"P_493e2fa8","T_9473db81"
"P_493e2fa8","T_7e676e9e"
"P_13156f1b","T_9c810920"
"P_13156f1b","T_d46a3928"
"P_13156f1b","T_3aee4b0a"
"P_13156f1b","T_47c4ef35"
"P_13156f1b","T_b6fa1536"
"P_509c5195","T_d46a3928"
"P_509c5195","T_0c070c59"
"P_509c5195","T_95687afb"
"P_509c5195","T_2d5563ed"
"P_8789289f","T_848b8f26"
"P_8789289f","T_7f8620e7"
"P_8789289f","T_09617f81"
"P_e372379c","T_09617f81"
"P_e372379c","T_b6fa1536"
"P_65eb0c77","T_d46a3928"
"P_65eb0c77","T_09617f81"
"P_65eb0c77","T_b6fa1536"
"P_65eb0c77","T_7e676e9e"
"P_f078b72e","T_fe88c03a"
"P_c8c50a1e","T_47c4ef35"
"P_c8c50a1e","T_95687afb"
"P_c8c50a1e","T_2d5563ed"
"P_b6cab9d0","T_47c4ef35"
"P_b6cab9d0","T_95687afb"
"P_b6cab9d0","T_2d5563ed"
"P_0597cc1a","T_95687afb"
"P_bbc43d8f","T_95687afb"
"P_07f773ff","T_d46a3928"
"P_07f773ff","T_3aee4b0a"
"P_07f773ff","T_0c070c59"
"P_07f773ff","T_4ac4921f"
"P_07f773ff","T_09617f81"
"P_07f773ff","T_2d5563ed"
"P_e7d67485","T_95687afb"
"P_e7d67485","T_9cfa7aef"
"P_c703cbeb","T_95687afb"
"P_c703cbeb","T_09617f81"
"P_7a821b2e","T_09617f81"
"P_91bc9064","T_09617f81"
"P_91bc9064","T_7e676e9e"
"P_a0649ff4","T_d46a3928"
"P_a0649ff4","T_3aee4b0a"
"P_a0649ff4","T_72a40ac7"
"P_a0649ff4","T_7e676e9e"
"P_a0649ff4","T_7b965a78"
"P_f049ce79","T_9c810920"
"P_f049ce79","T_d46a3928"
"P_f049ce79","T_ac1ed416"
"P_f049ce79","T_3aee4b0a"
"P_f049ce79","T_7e676e9e"
"P_f049ce79","T_7b965a78"
"P_d459bf48","T_0c070c59"
"P_d459bf48","T_e8706a28"
"P_d459bf48","T_2d5563ed"
"P_222b96f1","T_09617f81"
"P_222b96f1","T_7e676e9e"
"P_222b96f1","T_7b965a78"
"P_222b96f1","T_d30d7060"
"P_c5d6ff06","T_d46a3928"
"P_c5d6ff06","T_95687afb"
"P_c5d6ff06","T_09617f81"
"P_c5d6ff06","T_b6fa1536"
"P_c5d6ff06","T_7e676e9e"
"P_c5d6ff06","T_5f3490a2"
"P_265d7862","T_3aee4b0a"
"P_265d7862","T_09617f81"
"P_265d7862","T_d30d7060"
"P_f37df0ea","T_d46a3928"
"P_f37df0ea","T_3aee4b0a"
"P_f37df0ea","T_09617f81"
"P_f37df0ea","T_d30d7060"
"P_58aea22f","T_d46a3928"
"P_58aea22f","T_ed7daeb1"
"P_58aea22f","T_7e676e9e"
"P_58aea22f","T_d30d7060"
"P_ad45a7f7","T_3aee4b0a"
"P_ad45a7f7","T_0c070c59"
"P_ad45a7f7","T_95687afb"
"P_ad45a7f7","T_4ac4921f"
"P_ad45a7f7","T_b6fa1536"
"P_99407dc7","T_d46a3928"
"P_99407dc7","T_3aee4b0a"
"P_99407dc7","T_0c070c59"
"P_99407dc7","T_4ac4921f"
"P_99407dc7","T_e8706a28"
"P_99407dc7","T_b6fa1536"
"P_7d492b59","T_ac1ed416"
"P_7d492b59","T_7e676e9e"
"P_7d492b59","T_7b965a78"
"P_f3476c87","T_9c810920"
"P_f3476c87","T_3aee4b0a"
"P_2060fe8d","T_d46a3928"
"P_2060fe8d","T_ac1ed416"
"P_2060fe8d","T_7e676e9e"
"P_1ba1fd7f","T_b6fa1536"
"P_1ba1fd7f","T_7e676e9e"
"P_15befa88","T_09617f81"
"P_d0f8db99","T_d46a3928"
"P_d0f8db99","T_7e676e9e"
"P_d0f8db99","T_7b965a78"
"P_d7176006","T_b6fa1536"
"P_d7176006","T_8bcf6629"
"P_f4064eed","T_ac1ed416"
"P_f4064eed","T_95687afb"
"P_f4064eed","T_ed7daeb1"
"P_ded14a0a","T_7f8620e7"
"P_ded14a0a","T_b6fa1536"
"P_ded14a0a","T_d30d7060"
"P_4f03b0bd","T_d46a3928"
"P_4f03b0bd","T_95687afb"
"P_4f03b0bd","T_7e676e9e"
"P_9233fe41","T_95687afb"
"P_9233fe41","T_09617f81"
"P_9233fe41","T_2d5563ed"
"P_9927efa0","T_d46a3928"
"P_9927efa0","T_72a40ac7"
"P_9927efa0","T_b6fa1536"
"P_9927efa0","T_7e676e9e"
"P_9927efa0","T_737e9f3e"
"P_9927efa0","T_8bcf6629"
"P_565df8a3","T_ac1ed416"
"P_565df8a3","T_95687afb"
"P_565df8a3","T_09617f81"
"P_565df8a3","T_7e676e9e"
"P_e58789e8","T_95687afb"
"P_e58789e8","T_09617f81"
"P_e58789e8","T_7e676e9e"
"P_80fc6caa","T_b6fa1536"
"P_80fc6caa","T_7e676e9e"
"P_82e3ad09","T_7f8620e7"
"P_e73aa56f","T_848b8f26"
"P_e73aa56f","T_d46a3928"
"P_e73aa56f","T_95687afb"
"P_e73aa56f","T_2d5563ed"
"P_e1d8ccdc","T_9c810920"
"P_e1d8ccdc","T_848b8f26"
"P_e1d8ccdc","T_3aee4b0a"
"P_e1d8ccdc","T_09617f81"
"P_e1d8ccdc","T_5f3490a2"
"P_18e6f45f","T_ac1ed416"
"P_18e6f45f","T_7e676e9e"
"P_18e6f45f","T_573b5cfb"
"P_553628ca","T_7f8620e7"
"P_553628ca","T_3aee4b0a"
"P_553628ca","T_47c4ef35"
"P_553628ca","T_09617f81"
"P_553628ca","T_7e676e9e"
"P_553628ca","T_d30d7060"
"P_a0166c50","T_9c810920"
"P_a0166c50","T_d46a3928"
"P_a0166c50","T_09617f81"
"P_a0166c50","T_b6fa1536"
"P_67654a0e","T_7f8620e7"
"P_67654a0e","T_09617f81"
"P_67654a0e","T_b6fa1536"
"P_67654a0e","T_7e676e9e"
"P_9a8bb30c","T_7f8620e7"
"P_9a8bb30c","T_7e676e9e"
"P_aad47e88","T_9c810920"
"P_aad47e88","T_3aee4b0a"
"P_aad47e88","T_d30d7060"
"P_175a9e9a","T_848b8f26"
"P_175a9e9a","T_d46a3928"
"P_175a9e9a","T_ac1ed416"
"P_175a9e9a","T_47c4ef35"
"P_175a9e9a","T_95687afb"
"P_175a9e9a","T_7e676e9e"
"P_175a9e9a","T_6e655b81"
"P_77ac1aaa","T_d46a3928"
"P_77ac1aaa","T_3aee4b0a"
"P_77ac1aaa","T_b6fa1536"
"P_77ac1aaa","T_7e676e9e"
"P_77ac1aaa","T_7b965a78"
"P_0ae55cb0","T_9c810920"
"P_0ae55cb0","T_3aee4b0a"
"P_0ae55cb0","T_95687afb"
"P_0ae55cb0","T_09617f81"
"P_0ae55cb0","T_5f3490a2"
"P_b3d277d8","T_d46a3928"
"P_b3d277d8","T_b6fa1536"
"P_b3d277d8","T_7e676e9e"
"P_b3d277d8","T_7b965a78"
"P_f176606c","T_09617f81"
"P_f176606c","T_b6fa1536"
"P_f176606c","T_7e676e9e"
"P_f176606c","T_d30d7060"
"P_054a8ed7","T_3aee4b0a"
"P_054a8ed7","T_95687afb"
"P_054a8ed7","T_2d5563ed"
"P_5e94276b","T_3aee4b0a"
"P_5e94276b","T_4ac4921f"
"P_5e94276b","T_e8706a28"
"P_5e94276b","T_09617f81"
"P_1ef5eac0","T_7f8620e7"
"P_1ef5eac0","T_0c070c59"
"P_1ef5eac0","T_e8706a28"
"P_1ef5eac0","T_7b965a78"
"P_76b28bf9","T_848b8f26"
"P_76b28bf9","T_d46a3928"
"P_76b28bf9","T_7f8620e7"
"P_76b28bf9","T_09617f81"
"P_76b28bf9","T_b6fa1536"
"P_76b28bf9","T_7e676e9e"
"P_5f055fac","T_848b8f26"
"P_5f055fac","T_7e676e9e"
"P_39f9c4b6","T_d46a3928"
"P_39f9c4b6","T_09617f81"
"P_39f9c4b6","T_7e676e9e"
"P_68827b73","T_848b8f26"
"P_68827b73","T_3aee4b0a"
"P_68827b73","T_0c070c59"
"P_68827b73","T_e8706a28"
"P_68827b73","T_09617f81"
"P_68827b73","T_8bcf6629"
"P_68827b73","T_2d5563ed"
"P_2be6177c","T_7e676e9e"
"P_2be6177c","T_d30d7060"
"P_aaeceec8","T_3aee4b0a"
"P_aaeceec8","T_7e676e9e"
"P_aaeceec8","T_d30d7060"
"P_901cc455","T_7f8620e7"
"P_901cc455","T_3aee4b0a"
"P_901cc455","T_09617f81"
"P_901cc455","T_72a40ac7"
"P_901cc455","T_b6fa1536"
"P_901cc455","T_7e676e9e"
"P_901cc455","T_25b24abe"
"P_901cc455","T_d30d7060"
"P_02709e30","T_09617f81"
"P_02709e30","T_b6fa1536"
"P_02709e30","T_7e676e9e"
"P_02709e30","T_7b965a78"
"P_849d8ba7","T_7f8620e7"
"P_849d8ba7","T_09617f81"
"P_bffed83e","T_d30d7060"
"P_374ae587","T_7e676e9e"
"P_5f46f350","T_d46a3928"
"P_5f46f350","T_7f8620e7"
"P_5f46f350","T_e8706a28"
"P_5f46f350","T_fe88c03a"
"P_b410aa21","T_9c810920"
"P_b410aa21","T_7f8620e7"
"P_b410aa21","T_3aee4b0a"
"P_b410aa21","T_ed7daeb1"
"P_b410aa21","T_b6fa1536"
"P_b410aa21","T_5f3490a2"
"P_c5445dcc","T_848b8f26"
"P_c5445dcc","T_d46a3928"
"P_c5445dcc","T_7f8620e7"
"P_c5445dcc","T_95687afb"
"P_c5445dcc","T_09617f81"
"P_c5445dcc","T_72a40ac7"
"P_c5445dcc","T_8bcf6629"
"P_9276e6fc","T_9c810920"
"P_9276e6fc","T_ac1ed416"
"P_9276e6fc","T_7f8620e7"
"P_9276e6fc","T_7b965a78"
"P_1b4361be","T_848b8f26"
"P_1b4361be","T_09617f81"
"P_849347d4","T_d46a3928"
"P_849347d4","T_09617f81"
"P_849347d4","T_b6fa1536"
"P_8ff03e3d","T_3aee4b0a"
"P_8ff03e3d","T_0c070c59"
"P_8ff03e3d","T_4ac4921f"
"P_8ff03e3d","T_e8706a28"
"P_8ff03e3d","T_7b965a78"
"P_8ff03e3d","T_5f3490a2"
"P_242ced3a","T_d46a3928"
"P_242ced3a","T_3aee4b0a"
"P_242ced3a","T_95687afb"
"P_242ced3a","T_09617f81"
"P_242ced3a","T_b6fa1536"
"P_97e2a9b3","T_3aee4b0a"
"P_97e2a9b3","T_09617f81"
"P_97e2a9b3","T_b6fa1536"
"P_97e2a9b3","T_7e676e9e"
"P_103fbc36","T_7f8620e7"
"P_103fbc36","T_3aee4b0a"
"P_103fbc36","T_09617f81"
"P_103fbc36","T_b6fa1536"
"P_103fbc36","T_7e676e9e"
"P_a524c0da","T_9c810920"
"P_a524c0da","T_09617f81"
"P_a524c0da","T_7e676e9e"
"P_a524c0da","T_411ba940"
"P_a684e4a6","T_7f8620e7"
"P_a684e4a6","T_09617f81"
"P_a684e4a6","T_d30d7060"
"P_4ffe7d03","T_7f8620e7"
"P_4ffe7d03","T_e8706a28"
"P_4ffe7d03","T_fe88c03a"
"P_2300a5e1","T_848b8f26"
"P_2300a5e1","T_d46a3928"
"P_2300a5e1","T_09617f81"
"P_2300a5e1","T_72a40ac7"
"P_5794c85c","T_d46a3928"
"P_5794c85c","T_3aee4b0a"
"P_5794c85c","T_95687afb"
"P_5794c85c","T_09617f81"
"P_5794c85c","T_7e676e9e"
"P_5794c85c","T_7b965a78"
"P_5794c85c","T_d30d7060"
"P_712b3380","T_848b8f26"
"P_712b3380","T_7f8620e7"
"P_712b3380","T_09617f81"
"P_712b3380","T_7e676e9e"
"P_16bf35bb","T_7e676e9e"
"P_0cf403ed","T_3aee4b0a"
"P_0cf403ed","T_0c070c59"
"P_0cf403ed","T_95687afb"
"P_0cf403ed","T_09617f81"
"P_0cf403ed","T_d30d7060"
"P_0cf403ed","T_2d5563ed"
"P_5102b83f","T_ac1ed416"
"P_5102b83f","T_3aee4b0a"
"P_5102b83f","T_0c070c59"
"P_5102b83f","T_09617f81"
"P_5102b83f","T_7e676e9e"
"P_5102b83f","T_2d5563ed"
"P_975210da","T_9c810920"
"P_975210da","T_ac1ed416"
"P_975210da","T_3aee4b0a"
"P_975210da","T_47c4ef35"
"P_975210da","T_b6fa1536"
"P_975210da","T_5f3490a2"
"P_cc54ed15","T_9c810920"
"P_cc54ed15","T_95687afb"
"P_cc54ed15","T_09617f81"
"P_cc54ed15","T_b6fa1536"
"P_cc54ed15","T_5f3490a2"
"P_5a225c3e","T_09617f81"
"P_5a225c3e","T_b6fa1536"
"P_adcf9abe","T_b6fa1536"
"P_adcf9abe","T_d30d7060"
"P_adcf9abe","T_8bcf6629"
"P_a8e70444","T_95687afb"
"P_0ef32a10","T_09617f81"
"P_0ef32a10","T_8bcf6629"
"P_61499a36","T_9473db81"
"P_61499a36","T_09617f81"
"P_61499a36","T_7e676e9e"
"P_61499a36","T_8bcf6629"
"P_c154e7c9","T_848b8f26"
"P_c154e7c9","T_d46a3928"
"P_c154e7c9","T_ac1ed416"
"P_c154e7c9","T_0c070c59"
"P_c154e7c9","T_47c4ef35"
"P_c154e7c9","T_95687afb"
"P_c154e7c9","T_7e676e9e"
"P_52eb6aa6","T_9c810920"
"P_52eb6aa6","T_3aee4b0a"
"P_52eb6aa6","T_0c070c59"
"P_52eb6aa6","T_b6fa1536"
"P_52eb6aa6","T_2d5563ed"
"P_c3c00bbf","T_d46a3928"
"P_c3c00bbf","T_0c070c59"
"P_c3c00bbf","T_95687afb"
"P_c3c00bbf","T_09617f81"
"P_c3c00bbf","T_feaae678"
"P_c3c00bbf","T_2d5563ed"
"P_fe7cb0d3","T_9c810920"
"P_fe7cb0d3","T_d46a3928"
"P_fe7cb0d3","T_09617f81"
"P_533a5a50","T_d46a3928"
"P_533a5a50","T_09617f81"
"P_533a5a50","T_7e676e9e"
"P_533a5a50","T_d30d7060"
"P_455507a5","T_d46a3928"
"P_455507a5","T_09617f81"
"P_455507a5","T_b6fa1536"
"P_455507a5","T_d30d7060"
"P_7bda93c4","T_3aee4b0a"
"P_7bda93c4","T_09617f81"
"P_7bda93c4","T_d30d7060"
"P_743b8006","T_9c810920"
"P_743b8006","T_d46a3928"
"P_743b8006","T_3aee4b0a"
"P_743b8006","T_b6fa1536"
"P_743b8006","T_d30d7060"
"P_743b8006","T_5f3490a2"
"P_59947bb9","T_95687afb"
"P_90e92f2e","T_7f8620e7"
"P_90e92f2e","T_09617f81"
"P_90e92f2e","T_b6fa1536"
"P_b446225c","T_ac1ed416"
"P_b446225c","T_3aee4b0a"
"P_3c4e5a18","T_b6fa1536"
"P_3c4e5a18","T_d30d7060"
"P_3c4e5a18","T_8bcf6629"
"P_77b5cbcf","T_09617f81"
"P_77b5cbcf","T_7e676e9e"
"P_03041259","T_848b8f26"
"P_03041259","T_d46a3928"
"P_03041259","T_95687afb"
"P_03041259","T_b6fa1536"
"P_03041259","T_7b965a78"
"P_aa02acef","T_e8706a28"
"P_aa02acef","T_7e676e9e"
"P_aa02acef","T_d30d7060"
"P_ec43430a","T_d46a3928"
"P_ec43430a","T_fe88c03a"
"P_ec43430a","T_7e676e9e"
"P_f813e8a0","T_7f8620e7"
"P_f813e8a0","T_09617f81"
"P_f813e8a0","T_b6fa1536"
"P_f813e8a0","T_7e676e9e"
"P_f813e8a0","T_d30d7060"
"P_775f7dbc","T_9c810920"
"P_775f7dbc","T_848b8f26"
"P_775f7dbc","T_3aee4b0a"
"P_775f7dbc","T_09617f81"
"P_775f7dbc","T_7e676e9e"
"P_775f7dbc","T_5f3490a2"
"P_48846ae8","T_d46a3928"
"P_48846ae8","T_95687afb"
"P_48846ae8","T_b6fa1536"
"P_48846ae8","T_7e676e9e"
"P_119cc570","T_9cfa7aef"
"P_00f89e69","T_d46a3928"
"P_00f89e69","T_09617f81"
"P_00f89e69","T_5f3490a2"
"P_359f49f5","T_39434a1c"
"P_359f49f5","T_0c070c59"
"P_359f49f5","T_e8706a28"
"P_6e78538b","T_3aee4b0a"
"P_6e78538b","T_4ac4921f"
"P_6e78538b","T_d30d7060"
"P_3a338aac","T_9c810920"
"P_3a338aac","T_d46a3928"
"P_3a338aac","T_0c070c59"
"P_3a338aac","T_ed7daeb1"
"P_3a338aac","T_b6fa1536"
"P_3a338aac","T_7e676e9e"
"P_9a13e43e","T_9c810920"
"P_9a13e43e","T_7e676e9e"
"P_9a13e43e","T_d30d7060"
"P_ddba1138","T_95687afb"
"P_ddba1138","T_09617f81"
"P_ddba1138","T_b6fa1536"
"P_ddba1138","T_d30d7060"
"P_ddba1138","T_8bcf6629"
"P_bd852036","T_b6fa1536"
"P_fd57102d","T_b6fa1536"
"P_fd57102d","T_8bcf6629"
"P_1802170d","T_b6fa1536"
"P_1802170d","T_d30d7060"
"P_b6582211","T_848b8f26"
"P_b6582211","T_0c070c59"
"P_b6582211","T_95687afb"
"P_b6582211","T_e8706a28"
"P_b6582211","T_2d5563ed"
"P_f7b1ed5b","T_d46a3928"
"P_f7b1ed5b","T_0c070c59"
"P_f7b1ed5b","T_95687afb"
"P_f7b1ed5b","T_e8706a28"
"P_f7b1ed5b","T_2d5563ed"
"P_b44ac1f4","T_0c070c59"
"P_b44ac1f4","T_2d5563ed"
"P_279d40fb","T_b6fa1536"
"P_fb2a1d9b","T_b6fa1536"
"P_b259f9be","T_b6fa1536"
"P_7dd6b0d1","T_95687afb"
"P_7dd6b0d1","T_25b24abe"
"P_328f54a3","T_95687afb"
"P_328f54a3","T_25b24abe"
"P_2c01d0f2","T_95687afb"
"P_e89f8541","T_fe88c03a"
"P_ea284a14","T_7f8620e7"
"P_ea284a14","T_fe88c03a"
"P_ea284a14","T_573b5cfb"
"P_ea284a14","T_8bcf6629"
"P_43d24b54","T_d46a3928"
"P_43d24b54","T_7f8620e7"
"P_43d24b54","T_fe88c03a"
"P_43d24b54","T_8bcf6629"
"P_a4f1f8c2","T_0c070c59"
"P_a4f1f8c2","T_95687afb"
"P_a4f1f8c2","T_9cfa7aef"
"P_a4f1f8c2","T_2d5563ed"
"P_29e259c3","T_0c070c59"
"P_29e259c3","T_95687afb"
"P_29e259c3","T_9cfa7aef"
"P_29e259c3","T_2d5563ed"
"P_d200ac04","T_9cfa7aef"
"P_43b1358b","T_7f8620e7"
"P_1a6a3537","T_7f8620e7"
"P_571ff99a","T_7f8620e7"
"P_0a3c531a","T_7f8620e7"
"P_0a3c531a","T_2d5563ed"
"P_67d6fa9c","T_d46a3928"
"P_67d6fa9c","T_7f8620e7"
"P_67d6fa9c","T_2d5563ed"
"P_ecdf2c4a","T_b6fa1536"
"P_ecdf2c4a","T_d30d7060"
"P_5367008e","T_95687afb"
"P_5367008e","T_09617f81"
"P_5367008e","T_72a40ac7"
"P_5367008e","T_b6fa1536"
"P_3a0cbe6d","T_9c810920"
"P_3a0cbe6d","T_3aee4b0a"
"P_3a0cbe6d","T_47c4ef35"
"P_3a0cbe6d","T_95687afb"
"P_3a0cbe6d","T_09617f81"
"P_3c25ca7d","T_3aee4b0a"
"P_3c25ca7d","T_09617f81"
"P_3c25ca7d","T_7e676e9e"
"P_3c25ca7d","T_d30d7060"
"P_6618f7b9","T_95687afb"
"P_6618f7b9","T_b6fa1536"
"P_e4a827cf","T_7f8620e7"
"P_e4a827cf","T_09617f81"
"P_ab9603d3","T_7f8620e7"
"P_ab9603d3","T_b6fa1536"
"P_ab9603d3","T_7e676e9e"
"P_463cf467","T_9c810920"
"P_463cf467","T_d46a3928"
"P_463cf467","T_3aee4b0a"
"P_463cf467","T_95687afb"
"P_463cf467","T_72a40ac7"
"P_463cf467","T_7e676e9e"
"P_463cf467","T_737e9f3e"
"P_463cf467","T_8bcf6629"
"P_497507e5","T_9c810920"
"P_497507e5","T_3aee4b0a"
"P_497507e5","T_95687afb"
"P_497507e5","T_72a40ac7"
"P_497507e5","T_737e9f3e"
"P_497507e5","T_8bcf6629"
"P_67978bb4","T_9c810920"
"P_67978bb4","T_3aee4b0a"
"P_3a694f5f","T_7f8620e7"
"P_64580a1a","T_d46a3928"
"P_64580a1a","T_0c070c59"
"P_64580a1a","T_9cfa7aef"
"P_64580a1a","T_e8706a28"
"P_64580a1a","T_09617f81"
"P_64580a1a","T_7e676e9e"
"P_26afd18f","T_7f8620e7"
"P_26afd18f","T_7b965a78"
"P_29a37fea","T_09617f81"
"P_29a37fea","T_5f3490a2"
"P_b40fe445","T_d46a3928"
"P_b40fe445","T_7e676e9e"
"P_b40fe445","T_7b965a78"
"P_14f9d338","T_d46a3928"
"P_14f9d338","T_3aee4b0a"
"P_14f9d338","T_b6fa1536"
"P_e6a3a7e5","T_ac1ed416"
"P_e6a3a7e5","T_95687afb"
"P_e6a3a7e5","T_7e676e9e"
"P_129c2ff0","T_ac1ed416"
"P_129c2ff0","T_95687afb"
"P_129c2ff0","T_9473db81"
"P_129c2ff0","T_7e676e9e"
"P_9d2811c3","T_9c810920"
"P_9d2811c3","T_0c070c59"
"P_9d2811c3","T_e8706a28"
"P_9d2811c3","T_b6fa1536"
"P_9d2811c3","T_feaae678"
"P_9d2811c3","T_5f3490a2"
"P_7ad76d09","T_848b8f26"
"P_7ad76d09","T_d46a3928"
"P_7ad76d09","T_ac1ed416"
"P_7ad76d09","T_3aee4b0a"
"P_7ad76d09","T_95687afb"
"P_7ad76d09","T_7e676e9e"
"P_7ad76d09","T_2d5563ed"
"P_ea922522","T_d46a3928"
"P_ea922522","T_7e676e9e"
"P_ea922522","T_7b965a78"
"P_c6f82a49","T_d46a3928"
"P_c6f82a49","T_7e676e9e"
"P_c6f82a49","T_7b965a78"
"P_02036e06","T_9c810920"
"P_02036e06","T_09617f81"
"P_02036e06","T_b6fa1536"
"P_02036e06","T_7e676e9e"
"P_02036e06","T_d30d7060"
"P_957ad2e9","T_7f8620e7"
"P_957ad2e9","T_b6fa1536"
"P_d86a6365","T_7f8620e7"
"P_d86a6365","T_9cfa7aef"
"P_d86a6365","T_09617f81"
"P_df273213","T_3aee4b0a"
"P_df273213","T_0db2dd94"
"P_4836c437","T_7f8620e7"
"P_4836c437","T_9cfa7aef"
"P_5f970f8c","T_7f8620e7"
"P_43ad0508","T_7f8620e7"
"P_43ad0508","T_09617f81"
"P_43ad0508","T_8bcf6629"
"P_e26a4b87","T_848b8f26"
"P_e26a4b87","T_7f8620e7"
"P_e26a4b87","T_09617f81"
"P_e26a4b87","T_7b965a78"
"P_38eebc9c","T_9cfa7aef"
"P_38eebc9c","T_09617f81"
"P_38eebc9c","T_7e676e9e"
"P_38eebc9c","T_d30d7060"
"P_65c1a20a","T_2c7ecadd"
"P_46c3d368","T_2c7ecadd"
"P_46c3d368","T_e8706a28"
"P_46c3d368","T_6e655b81"
"P_d350a907","T_2c7ecadd"
"P_d350a907","T_95687afb"
"P_c0af7e07","T_2c7ecadd"
"P_8d2feda0","T_2c7ecadd"
"P_8d2feda0","T_ac1ed416"
"P_79c38945","T_2c7ecadd"
"P_79c38945","T_7f8620e7"
"P_1e2d73cb","T_2c7ecadd"
"P_7d08fc9e","T_2c7ecadd"
"P_cc3b0e04","T_2c7ecadd"
"P_cc3b0e04","T_7e676e9e"
"P_4f3de12c","T_2c7ecadd"
"P_4f3de12c","T_95687afb"
"P_ab07f390","T_9c810920"
"P_ab07f390","T_3aee4b0a"
"P_ab07f390","T_0c070c59"
"P_ab07f390","T_72a40ac7"
"P_ab07f390","T_573b5cfb"
"P_ab07f390","T_2d5563ed"
"P_5d1cace8","T_9c810920"
"P_5d1cace8","T_3aee4b0a"
"P_5d1cace8","T_47c4ef35"
"P_5d1cace8","T_72a40ac7"
"P_5d1cace8","T_573b5cfb"
"P_5d1cace8","T_2d5563ed"
"P_44de0bae","T_d46a3928"
"P_44de0bae","T_ac1ed416"
"P_44de0bae","T_95687afb"
"P_44de0bae","T_7e676e9e"
"P_44de0bae","T_7b965a78"
"P_097564fd","T_848b8f26"
"P_097564fd","T_d46a3928"
"P_097564fd","T_95687afb"
"P_097564fd","T_7e676e9e"
"P_7c0a114f","T_ac1ed416"
"P_7c0a114f","T_95687afb"
"P_7c0a114f","T_7e676e9e"
"P_beda6a9a","T_848b8f26"
"P_beda6a9a","T_7f8620e7"
"P_beda6a9a","T_09617f81"
"P_beda6a9a","T_b6fa1536"
"P_393cbc86","T_7f8620e7"
"P_393cbc86","T_09617f81"
"P_ff9a3488","T_7f8620e7"
"P_ff9a3488","T_3aee4b0a"
"P_ff9a3488","T_4ac4921f"
"P_ff9a3488","T_e8706a28"
"P_ff9a3488","T_d30d7060"
"P_1b87cc6d","T_d46a3928"
"P_1b87cc6d","T_09617f81"
"P_1b87cc6d","T_b6fa1536"
"P_1b87cc6d","T_7e676e9e"
"P_faf6f2fc","T_d46a3928"
"P_faf6f2fc","T_b6fa1536"
"P_faf6f2fc","T_7e676e9e"
"P_82dddd47","T_848b8f26"
"P_82dddd47","T_d46a3928"
"P_82dddd47","T_7f8620e7"
"P_82dddd47","T_47c4ef35"
"P_82dddd47","T_95687afb"
"P_82dddd47","T_09617f81"
"P_82dddd47","T_b6fa1536"
"P_82dddd47","T_7e676e9e"
"P_f4d3cb02","T_7f8620e7"
"P_f4d3cb02","T_09617f81"
"P_f4d3cb02","T_7e676e9e"
"P_00e95fb6","T_9cfa7aef"
"P_00e95fb6","T_09617f81"
